TRACE::2026-02-22.11:32:28::SCWPlatform::Trying to open the hw design at C:/Users/jorda/VivadoProjects/SavedProjects/project_1a/p1aVITIS/design_1_wrapper/hw/design_1_wrapper.xsa
TRACE::2026-02-22.11:32:28::SCWPlatform::DSA given C:/Users/jorda/VivadoProjects/SavedProjects/project_1a/p1aVITIS/design_1_wrapper/hw/design_1_wrapper.xsa
TRACE::2026-02-22.11:32:28::SCWPlatform::DSA absoulate path C:/Users/jorda/VivadoProjects/SavedProjects/project_1a/p1aVITIS/design_1_wrapper/hw/design_1_wrapper.xsa
TRACE::2026-02-22.11:32:28::SCWPlatform::DSA directory C:/Users/jorda/VivadoProjects/SavedProjects/project_1a/p1aVITIS/design_1_wrapper/hw
TRACE::2026-02-22.11:32:28::SCWPlatform:: Platform Path C:/Users/jorda/VivadoProjects/SavedProjects/project_1a/p1aVITIS/design_1_wrapper/hw/design_1_wrapper.xsa
TRACE::2026-02-22.11:32:28::SCWPlatform:: Unique name xilinx:zybo-z7-10::0.0
TRACE::2026-02-22.11:32:28::SCWPlatform::Do not have an existing db opened. 
TRACE::2026-02-22.11:32:29::SCWPlatform::Opened new HwDB with name design_1_wrapper_0
TRACE::2026-02-22.11:32:29::SCWWriter::formatted JSON is {
	"platformName":	"design_1_wrapper",
	"sprVersion":	"2.0",
	"mode":	"gui",
	"dsaType":	"Fixed",
	"platformDesc":	"design_1_wrapper",
	"platHandOff":	"C:/Users/jorda/VivadoProjects/SavedProjects/project_1a/design_1_wrapper.xsa",
	"platIntHandOff":	"<platformDir>/hw/design_1_wrapper.xsa",
	"deviceType":	"zynq",
	"platIsPrebuiltAutogen":	"false",
	"platIsNoBootBsp":	"false",
	"hasFsblMakeHasChanges":	"false",
	"hasPmufwMakeHasChanges":	"false",
	"platPreBuiltFlag":	false,
	"platformSamplesDir":	""
}
TRACE::2026-02-22.11:32:29::SCWWriter::formatted JSON is {
	"platformName":	"design_1_wrapper",
	"sprVersion":	"2.0",
	"mode":	"gui",
	"dsaType":	"Fixed",
	"platformDesc":	"design_1_wrapper",
	"platHandOff":	"C:/Users/jorda/VivadoProjects/SavedProjects/project_1a/design_1_wrapper.xsa",
	"platIntHandOff":	"<platformDir>/hw/design_1_wrapper.xsa",
	"deviceType":	"zynq",
	"platIsPrebuiltAutogen":	"false",
	"platIsNoBootBsp":	"false",
	"hasFsblMakeHasChanges":	"false",
	"hasPmufwMakeHasChanges":	"false",
	"platPreBuiltFlag":	false,
	"platformSamplesDir":	"",
	"platActiveSys":	"design_1_wrapper",
	"systems":	[{
			"systemName":	"design_1_wrapper",
			"systemDesc":	"design_1_wrapper",
			"sysIsBootAutoGen":	"true",
			"systemDispName":	"design_1_wrapper"
		}]
}
TRACE::2026-02-22.11:32:30::SCWPlatform::Boot application domains not present, creating them
TRACE::2026-02-22.11:32:30::SCWDomain::checking for install qemu data   : 
TRACE::2026-02-22.11:32:30::SCWDomain:: Using the QEMU Data from install at  : D:/Xilinx/Vitis/2021.1/data/emulation/platforms/zynq/sw/a9_standalone/qemu/
TRACE::2026-02-22.11:32:30::SCWDomain:: Using the QEMU args  from install at  : D:/Xilinx/Vitis/2021.1/data/emulation/platforms/zynq/sw/a9_standalone/qemu/qemu_args.txt
TRACE::2026-02-22.11:32:30::SCWPlatform::Trying to open the hw design at C:/Users/jorda/VivadoProjects/SavedProjects/project_1a/p1aVITIS/design_1_wrapper/hw/design_1_wrapper.xsa
TRACE::2026-02-22.11:32:30::SCWPlatform::DSA given C:/Users/jorda/VivadoProjects/SavedProjects/project_1a/p1aVITIS/design_1_wrapper/hw/design_1_wrapper.xsa
TRACE::2026-02-22.11:32:30::SCWPlatform::DSA absoulate path C:/Users/jorda/VivadoProjects/SavedProjects/project_1a/p1aVITIS/design_1_wrapper/hw/design_1_wrapper.xsa
TRACE::2026-02-22.11:32:30::SCWPlatform::DSA directory C:/Users/jorda/VivadoProjects/SavedProjects/project_1a/p1aVITIS/design_1_wrapper/hw
TRACE::2026-02-22.11:32:30::SCWPlatform:: Platform Path C:/Users/jorda/VivadoProjects/SavedProjects/project_1a/p1aVITIS/design_1_wrapper/hw/design_1_wrapper.xsa
TRACE::2026-02-22.11:32:30::SCWPlatform:: Unique name xilinx:zybo-z7-10::0.0
TRACE::2026-02-22.11:32:30::SCWPlatform::Trying to set the existing hwdb with name design_1_wrapper_0
TRACE::2026-02-22.11:32:30::SCWPlatform::Opened existing hwdb design_1_wrapper_0
TRACE::2026-02-22.11:32:30::SCWPlatform::Found the Hw Db part of the input DSA
TRACE::2026-02-22.11:32:30::SCWPlatform::Trying to open the hw design at C:/Users/jorda/VivadoProjects/SavedProjects/project_1a/p1aVITIS/design_1_wrapper/hw/design_1_wrapper.xsa
TRACE::2026-02-22.11:32:30::SCWPlatform::DSA given C:/Users/jorda/VivadoProjects/SavedProjects/project_1a/p1aVITIS/design_1_wrapper/hw/design_1_wrapper.xsa
TRACE::2026-02-22.11:32:30::SCWPlatform::DSA absoulate path C:/Users/jorda/VivadoProjects/SavedProjects/project_1a/p1aVITIS/design_1_wrapper/hw/design_1_wrapper.xsa
TRACE::2026-02-22.11:32:30::SCWPlatform::DSA directory C:/Users/jorda/VivadoProjects/SavedProjects/project_1a/p1aVITIS/design_1_wrapper/hw
TRACE::2026-02-22.11:32:30::SCWPlatform:: Platform Path C:/Users/jorda/VivadoProjects/SavedProjects/project_1a/p1aVITIS/design_1_wrapper/hw/design_1_wrapper.xsa
TRACE::2026-02-22.11:32:30::SCWPlatform:: Unique name xilinx:zybo-z7-10::0.0
TRACE::2026-02-22.11:32:30::SCWPlatform::Trying to set the existing hwdb with name design_1_wrapper_0
TRACE::2026-02-22.11:32:30::SCWPlatform::Opened existing hwdb design_1_wrapper_0
TRACE::2026-02-22.11:32:30::SCWPlatform::Found the Hw Db part of the input DSA
TRACE::2026-02-22.11:32:30::SCWPlatform::Trying to open the hw design at C:/Users/jorda/VivadoProjects/SavedProjects/project_1a/p1aVITIS/design_1_wrapper/hw/design_1_wrapper.xsa
TRACE::2026-02-22.11:32:30::SCWPlatform::DSA given C:/Users/jorda/VivadoProjects/SavedProjects/project_1a/p1aVITIS/design_1_wrapper/hw/design_1_wrapper.xsa
TRACE::2026-02-22.11:32:30::SCWPlatform::DSA absoulate path C:/Users/jorda/VivadoProjects/SavedProjects/project_1a/p1aVITIS/design_1_wrapper/hw/design_1_wrapper.xsa
TRACE::2026-02-22.11:32:30::SCWPlatform::DSA directory C:/Users/jorda/VivadoProjects/SavedProjects/project_1a/p1aVITIS/design_1_wrapper/hw
TRACE::2026-02-22.11:32:30::SCWPlatform:: Platform Path C:/Users/jorda/VivadoProjects/SavedProjects/project_1a/p1aVITIS/design_1_wrapper/hw/design_1_wrapper.xsa
TRACE::2026-02-22.11:32:30::SCWPlatform:: Unique name xilinx:zybo-z7-10::0.0
TRACE::2026-02-22.11:32:30::SCWPlatform::Trying to set the existing hwdb with name design_1_wrapper_0
TRACE::2026-02-22.11:32:30::SCWPlatform::Opened existing hwdb design_1_wrapper_0
TRACE::2026-02-22.11:32:30::SCWPlatform::Found the Hw Db part of the input DSA
TRACE::2026-02-22.11:32:30::SCWPlatform::Boot application domain added for zynq_fsbl
TRACE::2026-02-22.11:32:30::SCWPlatform::Generating the sources  .
TRACE::2026-02-22.11:32:30::SCWBDomain::Generating boot domain sources.
TRACE::2026-02-22.11:32:30::SCWBDomain:: Generating the zynq_fsbl Application.
TRACE::2026-02-22.11:32:30::SCWPlatform::Trying to open the hw design at C:/Users/jorda/VivadoProjects/SavedProjects/project_1a/p1aVITIS/design_1_wrapper/hw/design_1_wrapper.xsa
TRACE::2026-02-22.11:32:30::SCWPlatform::DSA given C:/Users/jorda/VivadoProjects/SavedProjects/project_1a/p1aVITIS/design_1_wrapper/hw/design_1_wrapper.xsa
TRACE::2026-02-22.11:32:30::SCWPlatform::DSA absoulate path C:/Users/jorda/VivadoProjects/SavedProjects/project_1a/p1aVITIS/design_1_wrapper/hw/design_1_wrapper.xsa
TRACE::2026-02-22.11:32:30::SCWPlatform::DSA directory C:/Users/jorda/VivadoProjects/SavedProjects/project_1a/p1aVITIS/design_1_wrapper/hw
TRACE::2026-02-22.11:32:30::SCWPlatform:: Platform Path C:/Users/jorda/VivadoProjects/SavedProjects/project_1a/p1aVITIS/design_1_wrapper/hw/design_1_wrapper.xsa
TRACE::2026-02-22.11:32:30::SCWPlatform:: Unique name xilinx:zybo-z7-10::0.0
TRACE::2026-02-22.11:32:30::SCWPlatform::Trying to set the existing hwdb with name design_1_wrapper_0
TRACE::2026-02-22.11:32:30::SCWPlatform::Opened existing hwdb design_1_wrapper_0
TRACE::2026-02-22.11:32:30::SCWPlatform::Found the Hw Db part of the input DSA
TRACE::2026-02-22.11:32:30::SCWMssOS::Checking the sw design at  C:/Users/jorda/VivadoProjects/SavedProjects/project_1a/p1aVITIS/design_1_wrapper/zynq_fsbl/zynq_fsbl_bsp/system.mss
TRACE::2026-02-22.11:32:30::SCWMssOS::DEBUG:  swdes dump  
TRACE::2026-02-22.11:32:30::SCWMssOS::No sw design opened at  C:/Users/jorda/VivadoProjects/SavedProjects/project_1a/p1aVITIS/design_1_wrapper/zynq_fsbl/zynq_fsbl_bsp/system.mss
TRACE::2026-02-22.11:32:30::SCWMssOS::mss does not exists at C:/Users/jorda/VivadoProjects/SavedProjects/project_1a/p1aVITIS/design_1_wrapper/zynq_fsbl/zynq_fsbl_bsp/system.mss
TRACE::2026-02-22.11:32:30::SCWMssOS::Creating sw design at  C:/Users/jorda/VivadoProjects/SavedProjects/project_1a/p1aVITIS/design_1_wrapper/zynq_fsbl/zynq_fsbl_bsp/system.mss
TRACE::2026-02-22.11:32:30::SCWMssOS::Adding the swdes entry, created swdb C:/Users/jorda/VivadoProjects/SavedProjects/project_1a/p1aVITIS/design_1_wrapper/zynq_fsbl/zynq_fsbl_bsp/system.mss with des name C:/Users/jorda/VivadoProjects/SavedProjects/project_1a/p1aVITIS/design_1_wrapper/zynq_fsbl/zynq_fsbl_bsp/system.mss
TRACE::2026-02-22.11:32:30::SCWMssOS::updating the scw layer changes to swdes at   C:/Users/jorda/VivadoProjects/SavedProjects/project_1a/p1aVITIS/design_1_wrapper/zynq_fsbl/zynq_fsbl_bsp/system.mss
TRACE::2026-02-22.11:32:30::SCWMssOS::Writing mss at C:/Users/jorda/VivadoProjects/SavedProjects/project_1a/p1aVITIS/design_1_wrapper/zynq_fsbl/zynq_fsbl_bsp/system.mss
TRACE::2026-02-22.11:32:30::SCWMssOS::Completed writing the mss file at C:/Users/jorda/VivadoProjects/SavedProjects/project_1a/p1aVITIS/design_1_wrapper/zynq_fsbl/zynq_fsbl_bsp
TRACE::2026-02-22.11:32:30::SCWMssOS::Picking up changes from newly written mss file into SCW Layer. 
TRACE::2026-02-22.11:32:30::SCWMssOS::Updated the changes from newly written mss file into SCW Layer. 
TRACE::2026-02-22.11:32:30::SCWBDomain::Completed writing the mss file at C:/Users/jorda/VivadoProjects/SavedProjects/project_1a/p1aVITIS/design_1_wrapper/zynq_fsbl/zynq_fsbl_bsp
TRACE::2026-02-22.11:32:37::SCWPlatform::Generating sources Done.
TRACE::2026-02-22.11:32:37::SCWPlatform::Trying to open the hw design at C:/Users/jorda/VivadoProjects/SavedProjects/project_1a/p1aVITIS/design_1_wrapper/hw/design_1_wrapper.xsa
TRACE::2026-02-22.11:32:37::SCWPlatform::DSA given C:/Users/jorda/VivadoProjects/SavedProjects/project_1a/p1aVITIS/design_1_wrapper/hw/design_1_wrapper.xsa
TRACE::2026-02-22.11:32:37::SCWPlatform::DSA absoulate path C:/Users/jorda/VivadoProjects/SavedProjects/project_1a/p1aVITIS/design_1_wrapper/hw/design_1_wrapper.xsa
TRACE::2026-02-22.11:32:37::SCWPlatform::DSA directory C:/Users/jorda/VivadoProjects/SavedProjects/project_1a/p1aVITIS/design_1_wrapper/hw
TRACE::2026-02-22.11:32:37::SCWPlatform:: Platform Path C:/Users/jorda/VivadoProjects/SavedProjects/project_1a/p1aVITIS/design_1_wrapper/hw/design_1_wrapper.xsa
TRACE::2026-02-22.11:32:37::SCWPlatform:: Unique name xilinx:zybo-z7-10::0.0
TRACE::2026-02-22.11:32:37::SCWPlatform::Trying to set the existing hwdb with name design_1_wrapper_0
TRACE::2026-02-22.11:32:37::SCWPlatform::Opened existing hwdb design_1_wrapper_0
TRACE::2026-02-22.11:32:37::SCWPlatform::Found the Hw Db part of the input DSA
TRACE::2026-02-22.11:32:37::SCWMssOS::Checking the sw design at  C:/Users/jorda/VivadoProjects/SavedProjects/project_1a/p1aVITIS/design_1_wrapper/zynq_fsbl/zynq_fsbl_bsp/system.mss
TRACE::2026-02-22.11:32:37::SCWMssOS::DEBUG:  swdes dump  
TRACE::2026-02-22.11:32:37::SCWMssOS::No sw design opened at  C:/Users/jorda/VivadoProjects/SavedProjects/project_1a/p1aVITIS/design_1_wrapper/zynq_fsbl/zynq_fsbl_bsp/system.mss
TRACE::2026-02-22.11:32:37::SCWMssOS::mss exists loading the mss file  C:/Users/jorda/VivadoProjects/SavedProjects/project_1a/p1aVITIS/design_1_wrapper/zynq_fsbl/zynq_fsbl_bsp/system.mss
TRACE::2026-02-22.11:32:37::SCWMssOS::Opened the sw design from mss  C:/Users/jorda/VivadoProjects/SavedProjects/project_1a/p1aVITIS/design_1_wrapper/zynq_fsbl/zynq_fsbl_bsp/system.mss
TRACE::2026-02-22.11:32:37::SCWMssOS::Adding the swdes entry C:/Users/jorda/VivadoProjects/SavedProjects/project_1a/p1aVITIS/design_1_wrapper/zynq_fsbl/zynq_fsbl_bsp/system.mss with des name system
TRACE::2026-02-22.11:32:37::SCWMssOS::updating the scw layer about changes
TRACE::2026-02-22.11:32:37::SCWMssOS::Opened the sw design.  C:/Users/jorda/VivadoProjects/SavedProjects/project_1a/p1aVITIS/design_1_wrapper/zynq_fsbl/zynq_fsbl_bsp/system.mss
TRACE::2026-02-22.11:32:37::SCWMssOS::Saving the mss changes C:/Users/jorda/VivadoProjects/SavedProjects/project_1a/p1aVITIS/design_1_wrapper/zynq_fsbl/zynq_fsbl_bsp/system.mss
TRACE::2026-02-22.11:32:37::SCWMssOS::Found a swdesign opened with the mssfile.
TRACE::2026-02-22.11:32:37::SCWMssOS::Completed writemss as part of save.
TRACE::2026-02-22.11:32:37::SCWMssOS::Commit changes completed.
TRACE::2026-02-22.11:32:37::SCWPlatform::Trying to open the hw design at C:/Users/jorda/VivadoProjects/SavedProjects/project_1a/p1aVITIS/design_1_wrapper/hw/design_1_wrapper.xsa
TRACE::2026-02-22.11:32:37::SCWPlatform::DSA given C:/Users/jorda/VivadoProjects/SavedProjects/project_1a/p1aVITIS/design_1_wrapper/hw/design_1_wrapper.xsa
TRACE::2026-02-22.11:32:37::SCWPlatform::DSA absoulate path C:/Users/jorda/VivadoProjects/SavedProjects/project_1a/p1aVITIS/design_1_wrapper/hw/design_1_wrapper.xsa
TRACE::2026-02-22.11:32:37::SCWPlatform::DSA directory C:/Users/jorda/VivadoProjects/SavedProjects/project_1a/p1aVITIS/design_1_wrapper/hw
TRACE::2026-02-22.11:32:37::SCWPlatform:: Platform Path C:/Users/jorda/VivadoProjects/SavedProjects/project_1a/p1aVITIS/design_1_wrapper/hw/design_1_wrapper.xsa
TRACE::2026-02-22.11:32:37::SCWPlatform:: Unique name xilinx:zybo-z7-10::0.0
TRACE::2026-02-22.11:32:37::SCWPlatform::Trying to set the existing hwdb with name design_1_wrapper_0
TRACE::2026-02-22.11:32:37::SCWPlatform::Opened existing hwdb design_1_wrapper_0
TRACE::2026-02-22.11:32:37::SCWPlatform::Found the Hw Db part of the input DSA
TRACE::2026-02-22.11:32:37::SCWMssOS::Checking the sw design at  C:/Users/jorda/VivadoProjects/SavedProjects/project_1a/p1aVITIS/design_1_wrapper/zynq_fsbl/zynq_fsbl_bsp/system.mss
TRACE::2026-02-22.11:32:37::SCWMssOS::DEBUG:  swdes dump  C:/Users/jorda/VivadoProjects/SavedProjects/project_1a/p1aVITIS/design_1_wrapper/zynq_fsbl/zynq_fsbl_bsp/system.mss|system||

TRACE::2026-02-22.11:32:37::SCWMssOS::Sw design exists and opened at  C:/Users/jorda/VivadoProjects/SavedProjects/project_1a/p1aVITIS/design_1_wrapper/zynq_fsbl/zynq_fsbl_bsp/system.mss
TRACE::2026-02-22.11:32:37::SCWPlatform::Trying to open the hw design at C:/Users/jorda/VivadoProjects/SavedProjects/project_1a/p1aVITIS/design_1_wrapper/hw/design_1_wrapper.xsa
TRACE::2026-02-22.11:32:37::SCWPlatform::DSA given C:/Users/jorda/VivadoProjects/SavedProjects/project_1a/p1aVITIS/design_1_wrapper/hw/design_1_wrapper.xsa
TRACE::2026-02-22.11:32:37::SCWPlatform::DSA absoulate path C:/Users/jorda/VivadoProjects/SavedProjects/project_1a/p1aVITIS/design_1_wrapper/hw/design_1_wrapper.xsa
TRACE::2026-02-22.11:32:37::SCWPlatform::DSA directory C:/Users/jorda/VivadoProjects/SavedProjects/project_1a/p1aVITIS/design_1_wrapper/hw
TRACE::2026-02-22.11:32:37::SCWPlatform:: Platform Path C:/Users/jorda/VivadoProjects/SavedProjects/project_1a/p1aVITIS/design_1_wrapper/hw/design_1_wrapper.xsa
TRACE::2026-02-22.11:32:37::SCWPlatform:: Unique name xilinx:zybo-z7-10::0.0
TRACE::2026-02-22.11:32:37::SCWPlatform::Trying to set the existing hwdb with name design_1_wrapper_0
TRACE::2026-02-22.11:32:37::SCWPlatform::Opened existing hwdb design_1_wrapper_0
TRACE::2026-02-22.11:32:37::SCWPlatform::Found the Hw Db part of the input DSA
TRACE::2026-02-22.11:32:37::SCWMssOS::Checking the sw design at  C:/Users/jorda/VivadoProjects/SavedProjects/project_1a/p1aVITIS/design_1_wrapper/zynq_fsbl/zynq_fsbl_bsp/system.mss
TRACE::2026-02-22.11:32:37::SCWMssOS::DEBUG:  swdes dump  C:/Users/jorda/VivadoProjects/SavedProjects/project_1a/p1aVITIS/design_1_wrapper/zynq_fsbl/zynq_fsbl_bsp/system.mss|system||

TRACE::2026-02-22.11:32:37::SCWMssOS::Sw design exists and opened at  C:/Users/jorda/VivadoProjects/SavedProjects/project_1a/p1aVITIS/design_1_wrapper/zynq_fsbl/zynq_fsbl_bsp/system.mss
TRACE::2026-02-22.11:32:37::SCWPlatform::Trying to open the hw design at C:/Users/jorda/VivadoProjects/SavedProjects/project_1a/p1aVITIS/design_1_wrapper/hw/design_1_wrapper.xsa
TRACE::2026-02-22.11:32:37::SCWPlatform::DSA given C:/Users/jorda/VivadoProjects/SavedProjects/project_1a/p1aVITIS/design_1_wrapper/hw/design_1_wrapper.xsa
TRACE::2026-02-22.11:32:37::SCWPlatform::DSA absoulate path C:/Users/jorda/VivadoProjects/SavedProjects/project_1a/p1aVITIS/design_1_wrapper/hw/design_1_wrapper.xsa
TRACE::2026-02-22.11:32:37::SCWPlatform::DSA directory C:/Users/jorda/VivadoProjects/SavedProjects/project_1a/p1aVITIS/design_1_wrapper/hw
TRACE::2026-02-22.11:32:37::SCWPlatform:: Platform Path C:/Users/jorda/VivadoProjects/SavedProjects/project_1a/p1aVITIS/design_1_wrapper/hw/design_1_wrapper.xsa
TRACE::2026-02-22.11:32:37::SCWPlatform:: Unique name xilinx:zybo-z7-10::0.0
TRACE::2026-02-22.11:32:37::SCWPlatform::Trying to set the existing hwdb with name design_1_wrapper_0
TRACE::2026-02-22.11:32:37::SCWPlatform::Opened existing hwdb design_1_wrapper_0
TRACE::2026-02-22.11:32:37::SCWPlatform::Found the Hw Db part of the input DSA
TRACE::2026-02-22.11:32:37::SCWMssOS::Checking the sw design at  C:/Users/jorda/VivadoProjects/SavedProjects/project_1a/p1aVITIS/design_1_wrapper/zynq_fsbl/zynq_fsbl_bsp/system.mss
TRACE::2026-02-22.11:32:37::SCWMssOS::DEBUG:  swdes dump  C:/Users/jorda/VivadoProjects/SavedProjects/project_1a/p1aVITIS/design_1_wrapper/zynq_fsbl/zynq_fsbl_bsp/system.mss|system||

TRACE::2026-02-22.11:32:37::SCWMssOS::Sw design exists and opened at  C:/Users/jorda/VivadoProjects/SavedProjects/project_1a/p1aVITIS/design_1_wrapper/zynq_fsbl/zynq_fsbl_bsp/system.mss
TRACE::2026-02-22.11:32:37::SCWWriter::formatted JSON is {
	"platformName":	"design_1_wrapper",
	"sprVersion":	"2.0",
	"mode":	"gui",
	"dsaType":	"Fixed",
	"platformDesc":	"design_1_wrapper",
	"platHandOff":	"C:/Users/jorda/VivadoProjects/SavedProjects/project_1a/design_1_wrapper.xsa",
	"platIntHandOff":	"<platformDir>/hw/design_1_wrapper.xsa",
	"deviceType":	"zynq",
	"platIsPrebuiltAutogen":	"false",
	"platIsNoBootBsp":	"false",
	"platFsblTarget":	"ps7_cortexa9_0",
	"hasFsblMakeHasChanges":	"false",
	"hasPmufwMakeHasChanges":	"false",
	"fsblExtraCompilerFlags":	"-MMD -MP       -mcpu=cortex-a9 -mfpu=vfpv3 -mfloat-abi=hard ",
	"platPreBuiltFlag":	false,
	"platformSamplesDir":	"",
	"platActiveSys":	"design_1_wrapper",
	"systems":	[{
			"systemName":	"design_1_wrapper",
			"systemDesc":	"design_1_wrapper",
			"sysIsBootAutoGen":	"true",
			"systemDispName":	"design_1_wrapper",
			"sysActiveDom":	"zynq_fsbl",
			"sysDefaultDom":	"",
			"domains":	[{
					"domainName":	"zynq_fsbl",
					"domainDispName":	"zynq_fsbl",
					"domainDesc":	"FSBL Application BSP - Auto Generated.",
					"processors":	"ps7_cortexa9_0",
					"os":	"standalone",
					"sdxOs":	"standalone",
					"debugEnable":	"",
					"domRuntimes":	["cpp"],
					"swRepo":	"",
					"mssOsVer":	"7.5",
					"mssFile":	"",
					"md5Digest":	"a3feffb343d1a570344c2ef7f5d04b75",
					"compatibleApp":	"zynq_fsbl",
					"domType":	"bootDomain",
					"arch":	"32-bit",
					"appSettings":	{
						"appCompilerFlags":	"",
						"appLinkerFlags":	""
					},
					"addedLibs":	["xilffs:4.5", "xilrsa:1.6"],
					"libOptions":	{
						"libsContainingOptions":	[]
					},
					"prebuiltLibs":	{
						"prebuiltIncPath":	[],
						"prebuiltLibPath":	[]
					},
					"isolation":	{
					}
				}]
		}]
}
TRACE::2026-02-22.11:32:37::SCWMssOS::Saving the mss changes C:/Users/jorda/VivadoProjects/SavedProjects/project_1a/p1aVITIS/design_1_wrapper/zynq_fsbl/zynq_fsbl_bsp/system.mss
TRACE::2026-02-22.11:32:37::SCWMssOS::Found a swdesign opened with the mssfile.
TRACE::2026-02-22.11:32:37::SCWMssOS::Completed writemss as part of save.
TRACE::2026-02-22.11:32:37::SCWMssOS::Commit changes completed.
TRACE::2026-02-22.11:32:37::SCWPlatform::Trying to open the hw design at C:/Users/jorda/VivadoProjects/SavedProjects/project_1a/p1aVITIS/design_1_wrapper/hw/design_1_wrapper.xsa
TRACE::2026-02-22.11:32:37::SCWPlatform::DSA given C:/Users/jorda/VivadoProjects/SavedProjects/project_1a/p1aVITIS/design_1_wrapper/hw/design_1_wrapper.xsa
TRACE::2026-02-22.11:32:37::SCWPlatform::DSA absoulate path C:/Users/jorda/VivadoProjects/SavedProjects/project_1a/p1aVITIS/design_1_wrapper/hw/design_1_wrapper.xsa
TRACE::2026-02-22.11:32:37::SCWPlatform::DSA directory C:/Users/jorda/VivadoProjects/SavedProjects/project_1a/p1aVITIS/design_1_wrapper/hw
TRACE::2026-02-22.11:32:37::SCWPlatform:: Platform Path C:/Users/jorda/VivadoProjects/SavedProjects/project_1a/p1aVITIS/design_1_wrapper/hw/design_1_wrapper.xsa
TRACE::2026-02-22.11:32:37::SCWPlatform:: Unique name xilinx:zybo-z7-10::0.0
TRACE::2026-02-22.11:32:37::SCWPlatform::Trying to set the existing hwdb with name design_1_wrapper_0
TRACE::2026-02-22.11:32:37::SCWPlatform::Opened existing hwdb design_1_wrapper_0
TRACE::2026-02-22.11:32:37::SCWPlatform::Found the Hw Db part of the input DSA
TRACE::2026-02-22.11:32:37::SCWMssOS::Checking the sw design at  C:/Users/jorda/VivadoProjects/SavedProjects/project_1a/p1aVITIS/design_1_wrapper/zynq_fsbl/zynq_fsbl_bsp/system.mss
TRACE::2026-02-22.11:32:37::SCWMssOS::DEBUG:  swdes dump  C:/Users/jorda/VivadoProjects/SavedProjects/project_1a/p1aVITIS/design_1_wrapper/zynq_fsbl/zynq_fsbl_bsp/system.mss|system||

TRACE::2026-02-22.11:32:37::SCWMssOS::Sw design exists and opened at  C:/Users/jorda/VivadoProjects/SavedProjects/project_1a/p1aVITIS/design_1_wrapper/zynq_fsbl/zynq_fsbl_bsp/system.mss
TRACE::2026-02-22.11:32:37::SCWPlatform::Trying to open the hw design at C:/Users/jorda/VivadoProjects/SavedProjects/project_1a/p1aVITIS/design_1_wrapper/hw/design_1_wrapper.xsa
TRACE::2026-02-22.11:32:37::SCWPlatform::DSA given C:/Users/jorda/VivadoProjects/SavedProjects/project_1a/p1aVITIS/design_1_wrapper/hw/design_1_wrapper.xsa
TRACE::2026-02-22.11:32:37::SCWPlatform::DSA absoulate path C:/Users/jorda/VivadoProjects/SavedProjects/project_1a/p1aVITIS/design_1_wrapper/hw/design_1_wrapper.xsa
TRACE::2026-02-22.11:32:37::SCWPlatform::DSA directory C:/Users/jorda/VivadoProjects/SavedProjects/project_1a/p1aVITIS/design_1_wrapper/hw
TRACE::2026-02-22.11:32:37::SCWPlatform:: Platform Path C:/Users/jorda/VivadoProjects/SavedProjects/project_1a/p1aVITIS/design_1_wrapper/hw/design_1_wrapper.xsa
TRACE::2026-02-22.11:32:37::SCWPlatform:: Unique name xilinx:zybo-z7-10::0.0
TRACE::2026-02-22.11:32:37::SCWPlatform::Trying to set the existing hwdb with name design_1_wrapper_0
TRACE::2026-02-22.11:32:37::SCWPlatform::Opened existing hwdb design_1_wrapper_0
TRACE::2026-02-22.11:32:37::SCWPlatform::Found the Hw Db part of the input DSA
TRACE::2026-02-22.11:32:37::SCWMssOS::Checking the sw design at  C:/Users/jorda/VivadoProjects/SavedProjects/project_1a/p1aVITIS/design_1_wrapper/zynq_fsbl/zynq_fsbl_bsp/system.mss
TRACE::2026-02-22.11:32:37::SCWMssOS::DEBUG:  swdes dump  C:/Users/jorda/VivadoProjects/SavedProjects/project_1a/p1aVITIS/design_1_wrapper/zynq_fsbl/zynq_fsbl_bsp/system.mss|system||

TRACE::2026-02-22.11:32:37::SCWMssOS::Sw design exists and opened at  C:/Users/jorda/VivadoProjects/SavedProjects/project_1a/p1aVITIS/design_1_wrapper/zynq_fsbl/zynq_fsbl_bsp/system.mss
TRACE::2026-02-22.11:32:37::SCWPlatform::Trying to open the hw design at C:/Users/jorda/VivadoProjects/SavedProjects/project_1a/p1aVITIS/design_1_wrapper/hw/design_1_wrapper.xsa
TRACE::2026-02-22.11:32:37::SCWPlatform::DSA given C:/Users/jorda/VivadoProjects/SavedProjects/project_1a/p1aVITIS/design_1_wrapper/hw/design_1_wrapper.xsa
TRACE::2026-02-22.11:32:37::SCWPlatform::DSA absoulate path C:/Users/jorda/VivadoProjects/SavedProjects/project_1a/p1aVITIS/design_1_wrapper/hw/design_1_wrapper.xsa
TRACE::2026-02-22.11:32:37::SCWPlatform::DSA directory C:/Users/jorda/VivadoProjects/SavedProjects/project_1a/p1aVITIS/design_1_wrapper/hw
TRACE::2026-02-22.11:32:37::SCWPlatform:: Platform Path C:/Users/jorda/VivadoProjects/SavedProjects/project_1a/p1aVITIS/design_1_wrapper/hw/design_1_wrapper.xsa
TRACE::2026-02-22.11:32:37::SCWPlatform:: Unique name xilinx:zybo-z7-10::0.0
TRACE::2026-02-22.11:32:37::SCWPlatform::Trying to set the existing hwdb with name design_1_wrapper_0
TRACE::2026-02-22.11:32:37::SCWPlatform::Opened existing hwdb design_1_wrapper_0
TRACE::2026-02-22.11:32:37::SCWPlatform::Found the Hw Db part of the input DSA
TRACE::2026-02-22.11:32:37::SCWMssOS::Checking the sw design at  C:/Users/jorda/VivadoProjects/SavedProjects/project_1a/p1aVITIS/design_1_wrapper/zynq_fsbl/zynq_fsbl_bsp/system.mss
TRACE::2026-02-22.11:32:37::SCWMssOS::DEBUG:  swdes dump  C:/Users/jorda/VivadoProjects/SavedProjects/project_1a/p1aVITIS/design_1_wrapper/zynq_fsbl/zynq_fsbl_bsp/system.mss|system||

TRACE::2026-02-22.11:32:37::SCWMssOS::Sw design exists and opened at  C:/Users/jorda/VivadoProjects/SavedProjects/project_1a/p1aVITIS/design_1_wrapper/zynq_fsbl/zynq_fsbl_bsp/system.mss
TRACE::2026-02-22.11:32:37::SCWWriter::formatted JSON is {
	"platformName":	"design_1_wrapper",
	"sprVersion":	"2.0",
	"mode":	"gui",
	"dsaType":	"Fixed",
	"platformDesc":	"design_1_wrapper",
	"platHandOff":	"C:/Users/jorda/VivadoProjects/SavedProjects/project_1a/design_1_wrapper.xsa",
	"platIntHandOff":	"<platformDir>/hw/design_1_wrapper.xsa",
	"deviceType":	"zynq",
	"platIsPrebuiltAutogen":	"false",
	"platIsNoBootBsp":	"false",
	"platFsblTarget":	"ps7_cortexa9_0",
	"hasFsblMakeHasChanges":	"false",
	"hasPmufwMakeHasChanges":	"false",
	"fsblExtraCompilerFlags":	"-MMD -MP       -mcpu=cortex-a9 -mfpu=vfpv3 -mfloat-abi=hard ",
	"platPreBuiltFlag":	false,
	"platformSamplesDir":	"",
	"platActiveSys":	"design_1_wrapper",
	"systems":	[{
			"systemName":	"design_1_wrapper",
			"systemDesc":	"design_1_wrapper",
			"sysIsBootAutoGen":	"true",
			"systemDispName":	"design_1_wrapper",
			"sysActiveDom":	"zynq_fsbl",
			"sysDefaultDom":	"",
			"domains":	[{
					"domainName":	"zynq_fsbl",
					"domainDispName":	"zynq_fsbl",
					"domainDesc":	"FSBL Application BSP - Auto Generated.",
					"processors":	"ps7_cortexa9_0",
					"os":	"standalone",
					"sdxOs":	"standalone",
					"debugEnable":	"",
					"domRuntimes":	["cpp"],
					"swRepo":	"",
					"mssOsVer":	"7.5",
					"mssFile":	"",
					"md5Digest":	"a3feffb343d1a570344c2ef7f5d04b75",
					"compatibleApp":	"zynq_fsbl",
					"domType":	"bootDomain",
					"arch":	"32-bit",
					"appSettings":	{
						"appCompilerFlags":	"",
						"appLinkerFlags":	""
					},
					"addedLibs":	["xilffs:4.5", "xilrsa:1.6"],
					"libOptions":	{
						"libsContainingOptions":	[]
					},
					"prebuiltLibs":	{
						"prebuiltIncPath":	[],
						"prebuiltLibPath":	[]
					},
					"isolation":	{
					}
				}]
		}]
}
TRACE::2026-02-22.11:32:37::SCWPlatform::Trying to open the hw design at C:/Users/jorda/VivadoProjects/SavedProjects/project_1a/p1aVITIS/design_1_wrapper/hw/design_1_wrapper.xsa
TRACE::2026-02-22.11:32:37::SCWPlatform::DSA given C:/Users/jorda/VivadoProjects/SavedProjects/project_1a/p1aVITIS/design_1_wrapper/hw/design_1_wrapper.xsa
TRACE::2026-02-22.11:32:37::SCWPlatform::DSA absoulate path C:/Users/jorda/VivadoProjects/SavedProjects/project_1a/p1aVITIS/design_1_wrapper/hw/design_1_wrapper.xsa
TRACE::2026-02-22.11:32:37::SCWPlatform::DSA directory C:/Users/jorda/VivadoProjects/SavedProjects/project_1a/p1aVITIS/design_1_wrapper/hw
TRACE::2026-02-22.11:32:37::SCWPlatform:: Platform Path C:/Users/jorda/VivadoProjects/SavedProjects/project_1a/p1aVITIS/design_1_wrapper/hw/design_1_wrapper.xsa
TRACE::2026-02-22.11:32:37::SCWPlatform:: Unique name xilinx:zybo-z7-10::0.0
TRACE::2026-02-22.11:32:37::SCWPlatform::Trying to set the existing hwdb with name design_1_wrapper_0
TRACE::2026-02-22.11:32:37::SCWPlatform::Opened existing hwdb design_1_wrapper_0
TRACE::2026-02-22.11:32:37::SCWPlatform::Found the Hw Db part of the input DSA
TRACE::2026-02-22.11:32:37::SCWDomain::checking for install qemu data   : 
TRACE::2026-02-22.11:32:37::SCWDomain:: Using the QEMU Data from install at  : D:/Xilinx/Vitis/2021.1/data/emulation/platforms/zynq/sw/a9_standalone/qemu/
TRACE::2026-02-22.11:32:37::SCWDomain:: Using the QEMU args  from install at  : D:/Xilinx/Vitis/2021.1/data/emulation/platforms/zynq/sw/a9_standalone/qemu/qemu_args.txt
TRACE::2026-02-22.11:32:37::SCWPlatform::Trying to open the hw design at C:/Users/jorda/VivadoProjects/SavedProjects/project_1a/p1aVITIS/design_1_wrapper/hw/design_1_wrapper.xsa
TRACE::2026-02-22.11:32:37::SCWPlatform::DSA given C:/Users/jorda/VivadoProjects/SavedProjects/project_1a/p1aVITIS/design_1_wrapper/hw/design_1_wrapper.xsa
TRACE::2026-02-22.11:32:37::SCWPlatform::DSA absoulate path C:/Users/jorda/VivadoProjects/SavedProjects/project_1a/p1aVITIS/design_1_wrapper/hw/design_1_wrapper.xsa
TRACE::2026-02-22.11:32:37::SCWPlatform::DSA directory C:/Users/jorda/VivadoProjects/SavedProjects/project_1a/p1aVITIS/design_1_wrapper/hw
TRACE::2026-02-22.11:32:37::SCWPlatform:: Platform Path C:/Users/jorda/VivadoProjects/SavedProjects/project_1a/p1aVITIS/design_1_wrapper/hw/design_1_wrapper.xsa
TRACE::2026-02-22.11:32:37::SCWPlatform:: Unique name xilinx:zybo-z7-10::0.0
TRACE::2026-02-22.11:32:37::SCWPlatform::Trying to set the existing hwdb with name design_1_wrapper_0
TRACE::2026-02-22.11:32:37::SCWPlatform::Opened existing hwdb design_1_wrapper_0
TRACE::2026-02-22.11:32:37::SCWPlatform::Found the Hw Db part of the input DSA
TRACE::2026-02-22.11:32:37::SCWPlatform::Trying to open the hw design at C:/Users/jorda/VivadoProjects/SavedProjects/project_1a/p1aVITIS/design_1_wrapper/hw/design_1_wrapper.xsa
TRACE::2026-02-22.11:32:37::SCWPlatform::DSA given C:/Users/jorda/VivadoProjects/SavedProjects/project_1a/p1aVITIS/design_1_wrapper/hw/design_1_wrapper.xsa
TRACE::2026-02-22.11:32:37::SCWPlatform::DSA absoulate path C:/Users/jorda/VivadoProjects/SavedProjects/project_1a/p1aVITIS/design_1_wrapper/hw/design_1_wrapper.xsa
TRACE::2026-02-22.11:32:37::SCWPlatform::DSA directory C:/Users/jorda/VivadoProjects/SavedProjects/project_1a/p1aVITIS/design_1_wrapper/hw
TRACE::2026-02-22.11:32:37::SCWPlatform:: Platform Path C:/Users/jorda/VivadoProjects/SavedProjects/project_1a/p1aVITIS/design_1_wrapper/hw/design_1_wrapper.xsa
TRACE::2026-02-22.11:32:37::SCWPlatform:: Unique name xilinx:zybo-z7-10::0.0
TRACE::2026-02-22.11:32:37::SCWPlatform::Trying to set the existing hwdb with name design_1_wrapper_0
TRACE::2026-02-22.11:32:37::SCWPlatform::Opened existing hwdb design_1_wrapper_0
TRACE::2026-02-22.11:32:37::SCWPlatform::Found the Hw Db part of the input DSA
TRACE::2026-02-22.11:32:37::SCWPlatform::Trying to open the hw design at C:/Users/jorda/VivadoProjects/SavedProjects/project_1a/p1aVITIS/design_1_wrapper/hw/design_1_wrapper.xsa
TRACE::2026-02-22.11:32:37::SCWPlatform::DSA given C:/Users/jorda/VivadoProjects/SavedProjects/project_1a/p1aVITIS/design_1_wrapper/hw/design_1_wrapper.xsa
TRACE::2026-02-22.11:32:37::SCWPlatform::DSA absoulate path C:/Users/jorda/VivadoProjects/SavedProjects/project_1a/p1aVITIS/design_1_wrapper/hw/design_1_wrapper.xsa
TRACE::2026-02-22.11:32:37::SCWPlatform::DSA directory C:/Users/jorda/VivadoProjects/SavedProjects/project_1a/p1aVITIS/design_1_wrapper/hw
TRACE::2026-02-22.11:32:37::SCWPlatform:: Platform Path C:/Users/jorda/VivadoProjects/SavedProjects/project_1a/p1aVITIS/design_1_wrapper/hw/design_1_wrapper.xsa
TRACE::2026-02-22.11:32:37::SCWPlatform:: Unique name xilinx:zybo-z7-10::0.0
TRACE::2026-02-22.11:32:37::SCWPlatform::Trying to set the existing hwdb with name design_1_wrapper_0
TRACE::2026-02-22.11:32:37::SCWPlatform::Opened existing hwdb design_1_wrapper_0
TRACE::2026-02-22.11:32:37::SCWPlatform::Found the Hw Db part of the input DSA
TRACE::2026-02-22.11:32:37::SCWMssOS::Checking the sw design at  C:/Users/jorda/VivadoProjects/SavedProjects/project_1a/p1aVITIS/design_1_wrapper/ps7_cortexa9_0/standalone_ps7_cortexa9_0/bsp/system.mss
TRACE::2026-02-22.11:32:37::SCWMssOS::DEBUG:  swdes dump  C:/Users/jorda/VivadoProjects/SavedProjects/project_1a/p1aVITIS/design_1_wrapper/zynq_fsbl/zynq_fsbl_bsp/system.mss|system||

TRACE::2026-02-22.11:32:37::SCWMssOS::No sw design opened at  C:/Users/jorda/VivadoProjects/SavedProjects/project_1a/p1aVITIS/design_1_wrapper/ps7_cortexa9_0/standalone_ps7_cortexa9_0/bsp/system.mss
TRACE::2026-02-22.11:32:37::SCWMssOS::mss does not exists at C:/Users/jorda/VivadoProjects/SavedProjects/project_1a/p1aVITIS/design_1_wrapper/ps7_cortexa9_0/standalone_ps7_cortexa9_0/bsp/system.mss
TRACE::2026-02-22.11:32:37::SCWMssOS::Creating sw design at  C:/Users/jorda/VivadoProjects/SavedProjects/project_1a/p1aVITIS/design_1_wrapper/ps7_cortexa9_0/standalone_ps7_cortexa9_0/bsp/system.mss
TRACE::2026-02-22.11:32:37::SCWMssOS::Adding the swdes entry, created swdb C:/Users/jorda/VivadoProjects/SavedProjects/project_1a/p1aVITIS/design_1_wrapper/ps7_cortexa9_0/standalone_ps7_cortexa9_0/bsp/system.mss with des name C:/Users/jorda/VivadoProjects/SavedProjects/project_1a/p1aVITIS/design_1_wrapper/ps7_cortexa9_0/standalone_ps7_cortexa9_0/bsp/system.mss
TRACE::2026-02-22.11:32:37::SCWMssOS::updating the scw layer changes to swdes at   C:/Users/jorda/VivadoProjects/SavedProjects/project_1a/p1aVITIS/design_1_wrapper/ps7_cortexa9_0/standalone_ps7_cortexa9_0/bsp/system.mss
TRACE::2026-02-22.11:32:37::SCWMssOS::Writing mss at C:/Users/jorda/VivadoProjects/SavedProjects/project_1a/p1aVITIS/design_1_wrapper/ps7_cortexa9_0/standalone_ps7_cortexa9_0/bsp/system.mss
TRACE::2026-02-22.11:32:37::SCWMssOS::Completed writing the mss file at C:/Users/jorda/VivadoProjects/SavedProjects/project_1a/p1aVITIS/design_1_wrapper/ps7_cortexa9_0/standalone_ps7_cortexa9_0/bsp
TRACE::2026-02-22.11:32:37::SCWMssOS::Picking up changes from newly written mss file into SCW Layer. 
TRACE::2026-02-22.11:32:37::SCWMssOS::Updated the changes from newly written mss file into SCW Layer. 
TRACE::2026-02-22.11:32:37::SCWMssOS::Completed writing the mss file at C:/Users/jorda/VivadoProjects/SavedProjects/project_1a/p1aVITIS/design_1_wrapper/ps7_cortexa9_0/standalone_ps7_cortexa9_0/bsp
TRACE::2026-02-22.11:32:37::SCWMssOS::Forcing BSP Sources regeneration.
TRACE::2026-02-22.11:32:38::SCWMssOS::Saving the mss changes C:/Users/jorda/VivadoProjects/SavedProjects/project_1a/p1aVITIS/design_1_wrapper/zynq_fsbl/zynq_fsbl_bsp/system.mss
TRACE::2026-02-22.11:32:38::SCWMssOS::Found a swdesign opened with the mssfile.
TRACE::2026-02-22.11:32:38::SCWMssOS::Completed writemss as part of save.
TRACE::2026-02-22.11:32:38::SCWMssOS::Commit changes completed.
TRACE::2026-02-22.11:32:38::SCWMssOS::Saving the mss changes C:/Users/jorda/VivadoProjects/SavedProjects/project_1a/p1aVITIS/design_1_wrapper/ps7_cortexa9_0/standalone_ps7_cortexa9_0/bsp/system.mss
TRACE::2026-02-22.11:32:38::SCWMssOS::Adding the swdes entry, mss present, able to open swdb C:/Users/jorda/VivadoProjects/SavedProjects/project_1a/p1aVITIS/design_1_wrapper/ps7_cortexa9_0/standalone_ps7_cortexa9_0/bsp/system.mss with des name system_0
TRACE::2026-02-22.11:32:38::SCWMssOS::Writing the mss file completed C:/Users/jorda/VivadoProjects/SavedProjects/project_1a/p1aVITIS/design_1_wrapper/ps7_cortexa9_0/standalone_ps7_cortexa9_0/bsp/system.mss
TRACE::2026-02-22.11:32:38::SCWMssOS::Commit changes completed.
TRACE::2026-02-22.11:32:38::SCWPlatform::Trying to open the hw design at C:/Users/jorda/VivadoProjects/SavedProjects/project_1a/p1aVITIS/design_1_wrapper/hw/design_1_wrapper.xsa
TRACE::2026-02-22.11:32:38::SCWPlatform::DSA given C:/Users/jorda/VivadoProjects/SavedProjects/project_1a/p1aVITIS/design_1_wrapper/hw/design_1_wrapper.xsa
TRACE::2026-02-22.11:32:38::SCWPlatform::DSA absoulate path C:/Users/jorda/VivadoProjects/SavedProjects/project_1a/p1aVITIS/design_1_wrapper/hw/design_1_wrapper.xsa
TRACE::2026-02-22.11:32:38::SCWPlatform::DSA directory C:/Users/jorda/VivadoProjects/SavedProjects/project_1a/p1aVITIS/design_1_wrapper/hw
TRACE::2026-02-22.11:32:38::SCWPlatform:: Platform Path C:/Users/jorda/VivadoProjects/SavedProjects/project_1a/p1aVITIS/design_1_wrapper/hw/design_1_wrapper.xsa
TRACE::2026-02-22.11:32:38::SCWPlatform:: Unique name xilinx:zybo-z7-10::0.0
TRACE::2026-02-22.11:32:38::SCWPlatform::Trying to set the existing hwdb with name design_1_wrapper_0
TRACE::2026-02-22.11:32:38::SCWPlatform::Opened existing hwdb design_1_wrapper_0
TRACE::2026-02-22.11:32:38::SCWPlatform::Found the Hw Db part of the input DSA
TRACE::2026-02-22.11:32:38::SCWMssOS::Checking the sw design at  C:/Users/jorda/VivadoProjects/SavedProjects/project_1a/p1aVITIS/design_1_wrapper/zynq_fsbl/zynq_fsbl_bsp/system.mss
TRACE::2026-02-22.11:32:38::SCWMssOS::DEBUG:  swdes dump  C:/Users/jorda/VivadoProjects/SavedProjects/project_1a/p1aVITIS/design_1_wrapper/ps7_cortexa9_0/standalone_ps7_cortexa9_0/bsp/system.mss|system_0||
C:/Users/jorda/VivadoProjects/SavedProjects/project_1a/p1aVITIS/design_1_wrapper/zynq_fsbl/zynq_fsbl_bsp/system.mss|system||

TRACE::2026-02-22.11:32:38::SCWMssOS::Sw design exists and opened at  C:/Users/jorda/VivadoProjects/SavedProjects/project_1a/p1aVITIS/design_1_wrapper/zynq_fsbl/zynq_fsbl_bsp/system.mss
TRACE::2026-02-22.11:32:38::SCWPlatform::Trying to open the hw design at C:/Users/jorda/VivadoProjects/SavedProjects/project_1a/p1aVITIS/design_1_wrapper/hw/design_1_wrapper.xsa
TRACE::2026-02-22.11:32:38::SCWPlatform::DSA given C:/Users/jorda/VivadoProjects/SavedProjects/project_1a/p1aVITIS/design_1_wrapper/hw/design_1_wrapper.xsa
TRACE::2026-02-22.11:32:38::SCWPlatform::DSA absoulate path C:/Users/jorda/VivadoProjects/SavedProjects/project_1a/p1aVITIS/design_1_wrapper/hw/design_1_wrapper.xsa
TRACE::2026-02-22.11:32:38::SCWPlatform::DSA directory C:/Users/jorda/VivadoProjects/SavedProjects/project_1a/p1aVITIS/design_1_wrapper/hw
TRACE::2026-02-22.11:32:38::SCWPlatform:: Platform Path C:/Users/jorda/VivadoProjects/SavedProjects/project_1a/p1aVITIS/design_1_wrapper/hw/design_1_wrapper.xsa
TRACE::2026-02-22.11:32:38::SCWPlatform:: Unique name xilinx:zybo-z7-10::0.0
TRACE::2026-02-22.11:32:38::SCWPlatform::Trying to set the existing hwdb with name design_1_wrapper_0
TRACE::2026-02-22.11:32:38::SCWPlatform::Opened existing hwdb design_1_wrapper_0
TRACE::2026-02-22.11:32:38::SCWPlatform::Found the Hw Db part of the input DSA
TRACE::2026-02-22.11:32:38::SCWMssOS::Checking the sw design at  C:/Users/jorda/VivadoProjects/SavedProjects/project_1a/p1aVITIS/design_1_wrapper/zynq_fsbl/zynq_fsbl_bsp/system.mss
TRACE::2026-02-22.11:32:38::SCWMssOS::DEBUG:  swdes dump  C:/Users/jorda/VivadoProjects/SavedProjects/project_1a/p1aVITIS/design_1_wrapper/ps7_cortexa9_0/standalone_ps7_cortexa9_0/bsp/system.mss|system_0||
C:/Users/jorda/VivadoProjects/SavedProjects/project_1a/p1aVITIS/design_1_wrapper/zynq_fsbl/zynq_fsbl_bsp/system.mss|system||

TRACE::2026-02-22.11:32:38::SCWMssOS::Sw design exists and opened at  C:/Users/jorda/VivadoProjects/SavedProjects/project_1a/p1aVITIS/design_1_wrapper/zynq_fsbl/zynq_fsbl_bsp/system.mss
TRACE::2026-02-22.11:32:38::SCWPlatform::Trying to open the hw design at C:/Users/jorda/VivadoProjects/SavedProjects/project_1a/p1aVITIS/design_1_wrapper/hw/design_1_wrapper.xsa
TRACE::2026-02-22.11:32:38::SCWPlatform::DSA given C:/Users/jorda/VivadoProjects/SavedProjects/project_1a/p1aVITIS/design_1_wrapper/hw/design_1_wrapper.xsa
TRACE::2026-02-22.11:32:38::SCWPlatform::DSA absoulate path C:/Users/jorda/VivadoProjects/SavedProjects/project_1a/p1aVITIS/design_1_wrapper/hw/design_1_wrapper.xsa
TRACE::2026-02-22.11:32:38::SCWPlatform::DSA directory C:/Users/jorda/VivadoProjects/SavedProjects/project_1a/p1aVITIS/design_1_wrapper/hw
TRACE::2026-02-22.11:32:38::SCWPlatform:: Platform Path C:/Users/jorda/VivadoProjects/SavedProjects/project_1a/p1aVITIS/design_1_wrapper/hw/design_1_wrapper.xsa
TRACE::2026-02-22.11:32:38::SCWPlatform:: Unique name xilinx:zybo-z7-10::0.0
TRACE::2026-02-22.11:32:38::SCWPlatform::Trying to set the existing hwdb with name design_1_wrapper_0
TRACE::2026-02-22.11:32:38::SCWPlatform::Opened existing hwdb design_1_wrapper_0
TRACE::2026-02-22.11:32:38::SCWPlatform::Found the Hw Db part of the input DSA
TRACE::2026-02-22.11:32:38::SCWMssOS::Checking the sw design at  C:/Users/jorda/VivadoProjects/SavedProjects/project_1a/p1aVITIS/design_1_wrapper/zynq_fsbl/zynq_fsbl_bsp/system.mss
TRACE::2026-02-22.11:32:38::SCWMssOS::DEBUG:  swdes dump  C:/Users/jorda/VivadoProjects/SavedProjects/project_1a/p1aVITIS/design_1_wrapper/ps7_cortexa9_0/standalone_ps7_cortexa9_0/bsp/system.mss|system_0||
C:/Users/jorda/VivadoProjects/SavedProjects/project_1a/p1aVITIS/design_1_wrapper/zynq_fsbl/zynq_fsbl_bsp/system.mss|system||

TRACE::2026-02-22.11:32:38::SCWMssOS::Sw design exists and opened at  C:/Users/jorda/VivadoProjects/SavedProjects/project_1a/p1aVITIS/design_1_wrapper/zynq_fsbl/zynq_fsbl_bsp/system.mss
TRACE::2026-02-22.11:32:38::SCWPlatform::Trying to open the hw design at C:/Users/jorda/VivadoProjects/SavedProjects/project_1a/p1aVITIS/design_1_wrapper/hw/design_1_wrapper.xsa
TRACE::2026-02-22.11:32:38::SCWPlatform::DSA given C:/Users/jorda/VivadoProjects/SavedProjects/project_1a/p1aVITIS/design_1_wrapper/hw/design_1_wrapper.xsa
TRACE::2026-02-22.11:32:38::SCWPlatform::DSA absoulate path C:/Users/jorda/VivadoProjects/SavedProjects/project_1a/p1aVITIS/design_1_wrapper/hw/design_1_wrapper.xsa
TRACE::2026-02-22.11:32:38::SCWPlatform::DSA directory C:/Users/jorda/VivadoProjects/SavedProjects/project_1a/p1aVITIS/design_1_wrapper/hw
TRACE::2026-02-22.11:32:38::SCWPlatform:: Platform Path C:/Users/jorda/VivadoProjects/SavedProjects/project_1a/p1aVITIS/design_1_wrapper/hw/design_1_wrapper.xsa
TRACE::2026-02-22.11:32:38::SCWPlatform:: Unique name xilinx:zybo-z7-10::0.0
TRACE::2026-02-22.11:32:38::SCWPlatform::Trying to set the existing hwdb with name design_1_wrapper_0
TRACE::2026-02-22.11:32:38::SCWPlatform::Opened existing hwdb design_1_wrapper_0
TRACE::2026-02-22.11:32:38::SCWPlatform::Found the Hw Db part of the input DSA
TRACE::2026-02-22.11:32:38::SCWMssOS::Checking the sw design at  C:/Users/jorda/VivadoProjects/SavedProjects/project_1a/p1aVITIS/design_1_wrapper/ps7_cortexa9_0/standalone_ps7_cortexa9_0/bsp/system.mss
TRACE::2026-02-22.11:32:38::SCWMssOS::DEBUG:  swdes dump  C:/Users/jorda/VivadoProjects/SavedProjects/project_1a/p1aVITIS/design_1_wrapper/ps7_cortexa9_0/standalone_ps7_cortexa9_0/bsp/system.mss|system_0||
C:/Users/jorda/VivadoProjects/SavedProjects/project_1a/p1aVITIS/design_1_wrapper/zynq_fsbl/zynq_fsbl_bsp/system.mss|system||

TRACE::2026-02-22.11:32:38::SCWMssOS::Sw design exists and opened at  C:/Users/jorda/VivadoProjects/SavedProjects/project_1a/p1aVITIS/design_1_wrapper/ps7_cortexa9_0/standalone_ps7_cortexa9_0/bsp/system.mss
TRACE::2026-02-22.11:32:38::SCWPlatform::Trying to open the hw design at C:/Users/jorda/VivadoProjects/SavedProjects/project_1a/p1aVITIS/design_1_wrapper/hw/design_1_wrapper.xsa
TRACE::2026-02-22.11:32:38::SCWPlatform::DSA given C:/Users/jorda/VivadoProjects/SavedProjects/project_1a/p1aVITIS/design_1_wrapper/hw/design_1_wrapper.xsa
TRACE::2026-02-22.11:32:38::SCWPlatform::DSA absoulate path C:/Users/jorda/VivadoProjects/SavedProjects/project_1a/p1aVITIS/design_1_wrapper/hw/design_1_wrapper.xsa
TRACE::2026-02-22.11:32:38::SCWPlatform::DSA directory C:/Users/jorda/VivadoProjects/SavedProjects/project_1a/p1aVITIS/design_1_wrapper/hw
TRACE::2026-02-22.11:32:38::SCWPlatform:: Platform Path C:/Users/jorda/VivadoProjects/SavedProjects/project_1a/p1aVITIS/design_1_wrapper/hw/design_1_wrapper.xsa
TRACE::2026-02-22.11:32:38::SCWPlatform:: Unique name xilinx:zybo-z7-10::0.0
TRACE::2026-02-22.11:32:38::SCWPlatform::Trying to set the existing hwdb with name design_1_wrapper_0
TRACE::2026-02-22.11:32:38::SCWPlatform::Opened existing hwdb design_1_wrapper_0
TRACE::2026-02-22.11:32:38::SCWPlatform::Found the Hw Db part of the input DSA
TRACE::2026-02-22.11:32:38::SCWMssOS::Checking the sw design at  C:/Users/jorda/VivadoProjects/SavedProjects/project_1a/p1aVITIS/design_1_wrapper/ps7_cortexa9_0/standalone_ps7_cortexa9_0/bsp/system.mss
TRACE::2026-02-22.11:32:38::SCWMssOS::DEBUG:  swdes dump  C:/Users/jorda/VivadoProjects/SavedProjects/project_1a/p1aVITIS/design_1_wrapper/ps7_cortexa9_0/standalone_ps7_cortexa9_0/bsp/system.mss|system_0||
C:/Users/jorda/VivadoProjects/SavedProjects/project_1a/p1aVITIS/design_1_wrapper/zynq_fsbl/zynq_fsbl_bsp/system.mss|system||

TRACE::2026-02-22.11:32:38::SCWMssOS::Sw design exists and opened at  C:/Users/jorda/VivadoProjects/SavedProjects/project_1a/p1aVITIS/design_1_wrapper/ps7_cortexa9_0/standalone_ps7_cortexa9_0/bsp/system.mss
TRACE::2026-02-22.11:32:38::SCWPlatform::Trying to open the hw design at C:/Users/jorda/VivadoProjects/SavedProjects/project_1a/p1aVITIS/design_1_wrapper/hw/design_1_wrapper.xsa
TRACE::2026-02-22.11:32:38::SCWPlatform::DSA given C:/Users/jorda/VivadoProjects/SavedProjects/project_1a/p1aVITIS/design_1_wrapper/hw/design_1_wrapper.xsa
TRACE::2026-02-22.11:32:38::SCWPlatform::DSA absoulate path C:/Users/jorda/VivadoProjects/SavedProjects/project_1a/p1aVITIS/design_1_wrapper/hw/design_1_wrapper.xsa
TRACE::2026-02-22.11:32:38::SCWPlatform::DSA directory C:/Users/jorda/VivadoProjects/SavedProjects/project_1a/p1aVITIS/design_1_wrapper/hw
TRACE::2026-02-22.11:32:38::SCWPlatform:: Platform Path C:/Users/jorda/VivadoProjects/SavedProjects/project_1a/p1aVITIS/design_1_wrapper/hw/design_1_wrapper.xsa
TRACE::2026-02-22.11:32:38::SCWPlatform:: Unique name xilinx:zybo-z7-10::0.0
TRACE::2026-02-22.11:32:38::SCWPlatform::Trying to set the existing hwdb with name design_1_wrapper_0
TRACE::2026-02-22.11:32:38::SCWPlatform::Opened existing hwdb design_1_wrapper_0
TRACE::2026-02-22.11:32:38::SCWPlatform::Found the Hw Db part of the input DSA
TRACE::2026-02-22.11:32:38::SCWMssOS::Checking the sw design at  C:/Users/jorda/VivadoProjects/SavedProjects/project_1a/p1aVITIS/design_1_wrapper/ps7_cortexa9_0/standalone_ps7_cortexa9_0/bsp/system.mss
TRACE::2026-02-22.11:32:38::SCWMssOS::DEBUG:  swdes dump  C:/Users/jorda/VivadoProjects/SavedProjects/project_1a/p1aVITIS/design_1_wrapper/ps7_cortexa9_0/standalone_ps7_cortexa9_0/bsp/system.mss|system_0||
C:/Users/jorda/VivadoProjects/SavedProjects/project_1a/p1aVITIS/design_1_wrapper/zynq_fsbl/zynq_fsbl_bsp/system.mss|system||

TRACE::2026-02-22.11:32:38::SCWMssOS::Sw design exists and opened at  C:/Users/jorda/VivadoProjects/SavedProjects/project_1a/p1aVITIS/design_1_wrapper/ps7_cortexa9_0/standalone_ps7_cortexa9_0/bsp/system.mss
TRACE::2026-02-22.11:32:38::SCWWriter::formatted JSON is {
	"platformName":	"design_1_wrapper",
	"sprVersion":	"2.0",
	"mode":	"gui",
	"dsaType":	"Fixed",
	"platformDesc":	"design_1_wrapper",
	"platHandOff":	"C:/Users/jorda/VivadoProjects/SavedProjects/project_1a/design_1_wrapper.xsa",
	"platIntHandOff":	"<platformDir>/hw/design_1_wrapper.xsa",
	"deviceType":	"zynq",
	"platIsPrebuiltAutogen":	"false",
	"platIsNoBootBsp":	"false",
	"platFsblTarget":	"ps7_cortexa9_0",
	"hasFsblMakeHasChanges":	"false",
	"hasPmufwMakeHasChanges":	"false",
	"fsblExtraCompilerFlags":	"-MMD -MP       -mcpu=cortex-a9 -mfpu=vfpv3 -mfloat-abi=hard ",
	"platPreBuiltFlag":	false,
	"platformSamplesDir":	"",
	"platActiveSys":	"design_1_wrapper",
	"systems":	[{
			"systemName":	"design_1_wrapper",
			"systemDesc":	"design_1_wrapper",
			"sysIsBootAutoGen":	"true",
			"systemDispName":	"design_1_wrapper",
			"sysActiveDom":	"standalone_ps7_cortexa9_0",
			"sysDefaultDom":	"standalone_ps7_cortexa9_0",
			"domains":	[{
					"domainName":	"zynq_fsbl",
					"domainDispName":	"zynq_fsbl",
					"domainDesc":	"FSBL Application BSP - Auto Generated.",
					"processors":	"ps7_cortexa9_0",
					"os":	"standalone",
					"sdxOs":	"standalone",
					"debugEnable":	"",
					"domRuntimes":	["cpp"],
					"swRepo":	"",
					"mssOsVer":	"7.5",
					"mssFile":	"",
					"md5Digest":	"a3feffb343d1a570344c2ef7f5d04b75",
					"compatibleApp":	"zynq_fsbl",
					"domType":	"bootDomain",
					"arch":	"32-bit",
					"appSettings":	{
						"appCompilerFlags":	"",
						"appLinkerFlags":	""
					},
					"addedLibs":	["xilffs:4.5", "xilrsa:1.6"],
					"libOptions":	{
						"libsContainingOptions":	[]
					},
					"prebuiltLibs":	{
						"prebuiltIncPath":	[],
						"prebuiltLibPath":	[]
					},
					"isolation":	{
					}
				}, {
					"domainName":	"standalone_ps7_cortexa9_0",
					"domainDispName":	"standalone_ps7_cortexa9_0",
					"domainDesc":	"standalone_ps7_cortexa9_0",
					"processors":	"ps7_cortexa9_0",
					"os":	"standalone",
					"sdxOs":	"standalone",
					"qemuArgs":	"D:/Xilinx/Vitis/2021.1/data/emulation/platforms/zynq/sw/a9_standalone/qemu/qemu_args.txt",
					"qemuData":	"D:/Xilinx/Vitis/2021.1/data/emulation/platforms/zynq/sw/a9_standalone/qemu/",
					"debugEnable":	"False",
					"domRuntimes":	["cpp"],
					"swRepo":	"",
					"mssOsVer":	"7.5",
					"mssFile":	"",
					"md5Digest":	"a132be7a81aed72071ad60986530af3a",
					"compatibleApp":	"empty_application",
					"domType":	"mssDomain",
					"arch":	"32-bit",
					"appSettings":	{
						"appCompilerFlags":	"",
						"appLinkerFlags":	""
					},
					"addedLibs":	[],
					"libOptions":	{
						"libsContainingOptions":	[]
					},
					"prebuiltLibs":	{
						"prebuiltIncPath":	[],
						"prebuiltLibPath":	[]
					},
					"isolation":	{
					}
				}]
		}]
}
LOG::2026-02-22.11:32:38::SCWPlatform::Started generating the artifacts platform design_1_wrapper
TRACE::2026-02-22.11:32:38::SCWPlatform::Sanity checking of platform is completed
LOG::2026-02-22.11:32:38::SCWPlatform::Started generating the artifacts for system configuration design_1_wrapper
LOG::2026-02-22.11:32:38::SCWSystem::Checking the domain zynq_fsbl
LOG::2026-02-22.11:32:38::SCWSystem::Doing application build for :  zynq_fsbl
TRACE::2026-02-22.11:32:38::SCWBDomain::Not a forced makefile updation, No changes are present. 
TRACE::2026-02-22.11:32:38::SCWDomain::Skipping the build for domain :  zynq_fsbl
LOG::2026-02-22.11:32:38::SCWSystem::Checking the domain standalone_ps7_cortexa9_0
LOG::2026-02-22.11:32:38::SCWSystem::Not a boot domain 
LOG::2026-02-22.11:32:38::SCWSystem::Started Processing the domain standalone_ps7_cortexa9_0
TRACE::2026-02-22.11:32:38::SCWDomain::Generating domain artifcats
TRACE::2026-02-22.11:32:38::SCWMssOS::Generating standalone artifcats
TRACE::2026-02-22.11:32:38::SCWMssOS::Copying the qemu file from  D:/Xilinx/Vitis/2021.1/data/emulation/platforms/zynq/sw/a9_standalone/qemu/qemu_args.txt To C:/Users/jorda/VivadoProjects/SavedProjects/project_1a/p1aVITIS/design_1_wrapper/export/design_1_wrapper/sw/design_1_wrapper/qemu/
TRACE::2026-02-22.11:32:38::SCWMssOS::Copying the qemu file from  D:/Xilinx/Vitis/2021.1/data/emulation/platforms/zynq/sw/a9_standalone/qemu/qemu_args.txt To C:/Users/jorda/VivadoProjects/SavedProjects/project_1a/p1aVITIS/design_1_wrapper/export/design_1_wrapper/sw/design_1_wrapper/standalone_ps7_cortexa9_0/qemu/
TRACE::2026-02-22.11:32:38::SCWMssOS:: Copying the user libraries. 
TRACE::2026-02-22.11:32:38::SCWPlatform::Trying to open the hw design at C:/Users/jorda/VivadoProjects/SavedProjects/project_1a/p1aVITIS/design_1_wrapper/hw/design_1_wrapper.xsa
TRACE::2026-02-22.11:32:38::SCWPlatform::DSA given C:/Users/jorda/VivadoProjects/SavedProjects/project_1a/p1aVITIS/design_1_wrapper/hw/design_1_wrapper.xsa
TRACE::2026-02-22.11:32:38::SCWPlatform::DSA absoulate path C:/Users/jorda/VivadoProjects/SavedProjects/project_1a/p1aVITIS/design_1_wrapper/hw/design_1_wrapper.xsa
TRACE::2026-02-22.11:32:38::SCWPlatform::DSA directory C:/Users/jorda/VivadoProjects/SavedProjects/project_1a/p1aVITIS/design_1_wrapper/hw
TRACE::2026-02-22.11:32:38::SCWPlatform:: Platform Path C:/Users/jorda/VivadoProjects/SavedProjects/project_1a/p1aVITIS/design_1_wrapper/hw/design_1_wrapper.xsa
TRACE::2026-02-22.11:32:38::SCWPlatform:: Unique name xilinx:zybo-z7-10::0.0
TRACE::2026-02-22.11:32:38::SCWPlatform::Trying to set the existing hwdb with name design_1_wrapper_0
TRACE::2026-02-22.11:32:38::SCWPlatform::Opened existing hwdb design_1_wrapper_0
TRACE::2026-02-22.11:32:38::SCWPlatform::Found the Hw Db part of the input DSA
TRACE::2026-02-22.11:32:38::SCWMssOS::Checking the sw design at  C:/Users/jorda/VivadoProjects/SavedProjects/project_1a/p1aVITIS/design_1_wrapper/ps7_cortexa9_0/standalone_ps7_cortexa9_0/bsp/system.mss
TRACE::2026-02-22.11:32:38::SCWMssOS::DEBUG:  swdes dump  C:/Users/jorda/VivadoProjects/SavedProjects/project_1a/p1aVITIS/design_1_wrapper/ps7_cortexa9_0/standalone_ps7_cortexa9_0/bsp/system.mss|system_0||
C:/Users/jorda/VivadoProjects/SavedProjects/project_1a/p1aVITIS/design_1_wrapper/zynq_fsbl/zynq_fsbl_bsp/system.mss|system||

TRACE::2026-02-22.11:32:38::SCWMssOS::Sw design exists and opened at  C:/Users/jorda/VivadoProjects/SavedProjects/project_1a/p1aVITIS/design_1_wrapper/ps7_cortexa9_0/standalone_ps7_cortexa9_0/bsp/system.mss
TRACE::2026-02-22.11:32:38::SCWMssOS::Completed writing the mss file at C:/Users/jorda/VivadoProjects/SavedProjects/project_1a/p1aVITIS/design_1_wrapper/ps7_cortexa9_0/standalone_ps7_cortexa9_0/bsp
TRACE::2026-02-22.11:32:38::SCWMssOS::Mss edits present, copying mssfile into export location C:/Users/jorda/VivadoProjects/SavedProjects/project_1a/p1aVITIS/design_1_wrapper/ps7_cortexa9_0/standalone_ps7_cortexa9_0/bsp/system.mss
TRACE::2026-02-22.11:32:38::SCWMssOS::bsp generated is upto date with the mss file. Skipping bsp generation.
TRACE::2026-02-22.11:32:38::SCWMssOS::BSP is already built. skipping the bsp build ... 
TRACE::2026-02-22.11:32:38::SCWDomain::Skipping the build for domain :  standalone_ps7_cortexa9_0
TRACE::2026-02-22.11:32:38::SCWMssOS::skipping the bsp build ... 
TRACE::2026-02-22.11:32:38::SCWMssOS::Copying to export directory.
TRACE::2026-02-22.11:32:38::SCWMssOS:: Checking if to create the Supporting Applications
TRACE::2026-02-22.11:32:38::SCWMssOS:: No Linux domain exists, trying to generate FSBL 
TRACE::2026-02-22.11:32:38::SCWMssOS:: Completed Standalone Artifacts creation 
LOG::2026-02-22.11:32:38::SCWSystem::Completed Processing the domain standalone_ps7_cortexa9_0
LOG::2026-02-22.11:32:38::SCWSystem::Completed Processing the sysconfig design_1_wrapper
LOG::2026-02-22.11:32:38::SCWPlatform::Completed generating the artifacts for system configuration design_1_wrapper
TRACE::2026-02-22.11:32:38::SCWPlatform::Started preparing the platform 
TRACE::2026-02-22.11:32:38::SCWSystem::Writing the bif file for system config design_1_wrapper
TRACE::2026-02-22.11:32:38::SCWSystem::dir created 
TRACE::2026-02-22.11:32:38::SCWSystem::Writing the bif 
TRACE::2026-02-22.11:32:38::SCWPlatform::Started writing the spfm file 
TRACE::2026-02-22.11:32:38::SCWPlatform::Started writing the xpfm file 
TRACE::2026-02-22.11:32:38::SCWPlatform::Completed generating the platform
TRACE::2026-02-22.11:32:38::SCWMssOS::Saving the mss changes C:/Users/jorda/VivadoProjects/SavedProjects/project_1a/p1aVITIS/design_1_wrapper/zynq_fsbl/zynq_fsbl_bsp/system.mss
TRACE::2026-02-22.11:32:38::SCWMssOS::Found a swdesign opened with the mssfile.
TRACE::2026-02-22.11:32:38::SCWMssOS::Completed writemss as part of save.
TRACE::2026-02-22.11:32:38::SCWMssOS::Commit changes completed.
TRACE::2026-02-22.11:32:38::SCWMssOS::Saving the mss changes C:/Users/jorda/VivadoProjects/SavedProjects/project_1a/p1aVITIS/design_1_wrapper/ps7_cortexa9_0/standalone_ps7_cortexa9_0/bsp/system.mss
TRACE::2026-02-22.11:32:38::SCWMssOS::Found a swdesign opened with the mssfile.
TRACE::2026-02-22.11:32:38::SCWMssOS::Completed writemss as part of save.
TRACE::2026-02-22.11:32:38::SCWMssOS::Commit changes completed.
TRACE::2026-02-22.11:32:38::SCWPlatform::Trying to open the hw design at C:/Users/jorda/VivadoProjects/SavedProjects/project_1a/p1aVITIS/design_1_wrapper/hw/design_1_wrapper.xsa
TRACE::2026-02-22.11:32:38::SCWPlatform::DSA given C:/Users/jorda/VivadoProjects/SavedProjects/project_1a/p1aVITIS/design_1_wrapper/hw/design_1_wrapper.xsa
TRACE::2026-02-22.11:32:38::SCWPlatform::DSA absoulate path C:/Users/jorda/VivadoProjects/SavedProjects/project_1a/p1aVITIS/design_1_wrapper/hw/design_1_wrapper.xsa
TRACE::2026-02-22.11:32:38::SCWPlatform::DSA directory C:/Users/jorda/VivadoProjects/SavedProjects/project_1a/p1aVITIS/design_1_wrapper/hw
TRACE::2026-02-22.11:32:38::SCWPlatform:: Platform Path C:/Users/jorda/VivadoProjects/SavedProjects/project_1a/p1aVITIS/design_1_wrapper/hw/design_1_wrapper.xsa
TRACE::2026-02-22.11:32:38::SCWPlatform:: Unique name xilinx:zybo-z7-10::0.0
TRACE::2026-02-22.11:32:38::SCWPlatform::Trying to set the existing hwdb with name design_1_wrapper_0
TRACE::2026-02-22.11:32:38::SCWPlatform::Opened existing hwdb design_1_wrapper_0
TRACE::2026-02-22.11:32:38::SCWPlatform::Found the Hw Db part of the input DSA
TRACE::2026-02-22.11:32:38::SCWMssOS::Checking the sw design at  C:/Users/jorda/VivadoProjects/SavedProjects/project_1a/p1aVITIS/design_1_wrapper/zynq_fsbl/zynq_fsbl_bsp/system.mss
TRACE::2026-02-22.11:32:38::SCWMssOS::DEBUG:  swdes dump  C:/Users/jorda/VivadoProjects/SavedProjects/project_1a/p1aVITIS/design_1_wrapper/ps7_cortexa9_0/standalone_ps7_cortexa9_0/bsp/system.mss|system_0||
C:/Users/jorda/VivadoProjects/SavedProjects/project_1a/p1aVITIS/design_1_wrapper/zynq_fsbl/zynq_fsbl_bsp/system.mss|system||

TRACE::2026-02-22.11:32:38::SCWMssOS::Sw design exists and opened at  C:/Users/jorda/VivadoProjects/SavedProjects/project_1a/p1aVITIS/design_1_wrapper/zynq_fsbl/zynq_fsbl_bsp/system.mss
TRACE::2026-02-22.11:32:38::SCWPlatform::Trying to open the hw design at C:/Users/jorda/VivadoProjects/SavedProjects/project_1a/p1aVITIS/design_1_wrapper/hw/design_1_wrapper.xsa
TRACE::2026-02-22.11:32:38::SCWPlatform::DSA given C:/Users/jorda/VivadoProjects/SavedProjects/project_1a/p1aVITIS/design_1_wrapper/hw/design_1_wrapper.xsa
TRACE::2026-02-22.11:32:38::SCWPlatform::DSA absoulate path C:/Users/jorda/VivadoProjects/SavedProjects/project_1a/p1aVITIS/design_1_wrapper/hw/design_1_wrapper.xsa
TRACE::2026-02-22.11:32:38::SCWPlatform::DSA directory C:/Users/jorda/VivadoProjects/SavedProjects/project_1a/p1aVITIS/design_1_wrapper/hw
TRACE::2026-02-22.11:32:38::SCWPlatform:: Platform Path C:/Users/jorda/VivadoProjects/SavedProjects/project_1a/p1aVITIS/design_1_wrapper/hw/design_1_wrapper.xsa
TRACE::2026-02-22.11:32:38::SCWPlatform:: Unique name xilinx:zybo-z7-10::0.0
TRACE::2026-02-22.11:32:38::SCWPlatform::Trying to set the existing hwdb with name design_1_wrapper_0
TRACE::2026-02-22.11:32:38::SCWPlatform::Opened existing hwdb design_1_wrapper_0
TRACE::2026-02-22.11:32:38::SCWPlatform::Found the Hw Db part of the input DSA
TRACE::2026-02-22.11:32:38::SCWMssOS::Checking the sw design at  C:/Users/jorda/VivadoProjects/SavedProjects/project_1a/p1aVITIS/design_1_wrapper/zynq_fsbl/zynq_fsbl_bsp/system.mss
TRACE::2026-02-22.11:32:38::SCWMssOS::DEBUG:  swdes dump  C:/Users/jorda/VivadoProjects/SavedProjects/project_1a/p1aVITIS/design_1_wrapper/ps7_cortexa9_0/standalone_ps7_cortexa9_0/bsp/system.mss|system_0||
C:/Users/jorda/VivadoProjects/SavedProjects/project_1a/p1aVITIS/design_1_wrapper/zynq_fsbl/zynq_fsbl_bsp/system.mss|system||

TRACE::2026-02-22.11:32:38::SCWMssOS::Sw design exists and opened at  C:/Users/jorda/VivadoProjects/SavedProjects/project_1a/p1aVITIS/design_1_wrapper/zynq_fsbl/zynq_fsbl_bsp/system.mss
TRACE::2026-02-22.11:32:38::SCWPlatform::Trying to open the hw design at C:/Users/jorda/VivadoProjects/SavedProjects/project_1a/p1aVITIS/design_1_wrapper/hw/design_1_wrapper.xsa
TRACE::2026-02-22.11:32:38::SCWPlatform::DSA given C:/Users/jorda/VivadoProjects/SavedProjects/project_1a/p1aVITIS/design_1_wrapper/hw/design_1_wrapper.xsa
TRACE::2026-02-22.11:32:38::SCWPlatform::DSA absoulate path C:/Users/jorda/VivadoProjects/SavedProjects/project_1a/p1aVITIS/design_1_wrapper/hw/design_1_wrapper.xsa
TRACE::2026-02-22.11:32:38::SCWPlatform::DSA directory C:/Users/jorda/VivadoProjects/SavedProjects/project_1a/p1aVITIS/design_1_wrapper/hw
TRACE::2026-02-22.11:32:38::SCWPlatform:: Platform Path C:/Users/jorda/VivadoProjects/SavedProjects/project_1a/p1aVITIS/design_1_wrapper/hw/design_1_wrapper.xsa
TRACE::2026-02-22.11:32:38::SCWPlatform:: Unique name xilinx:zybo-z7-10::0.0
TRACE::2026-02-22.11:32:38::SCWPlatform::Trying to set the existing hwdb with name design_1_wrapper_0
TRACE::2026-02-22.11:32:38::SCWPlatform::Opened existing hwdb design_1_wrapper_0
TRACE::2026-02-22.11:32:38::SCWPlatform::Found the Hw Db part of the input DSA
TRACE::2026-02-22.11:32:38::SCWMssOS::Checking the sw design at  C:/Users/jorda/VivadoProjects/SavedProjects/project_1a/p1aVITIS/design_1_wrapper/zynq_fsbl/zynq_fsbl_bsp/system.mss
TRACE::2026-02-22.11:32:38::SCWMssOS::DEBUG:  swdes dump  C:/Users/jorda/VivadoProjects/SavedProjects/project_1a/p1aVITIS/design_1_wrapper/ps7_cortexa9_0/standalone_ps7_cortexa9_0/bsp/system.mss|system_0||
C:/Users/jorda/VivadoProjects/SavedProjects/project_1a/p1aVITIS/design_1_wrapper/zynq_fsbl/zynq_fsbl_bsp/system.mss|system||

TRACE::2026-02-22.11:32:38::SCWMssOS::Sw design exists and opened at  C:/Users/jorda/VivadoProjects/SavedProjects/project_1a/p1aVITIS/design_1_wrapper/zynq_fsbl/zynq_fsbl_bsp/system.mss
TRACE::2026-02-22.11:32:38::SCWPlatform::Trying to open the hw design at C:/Users/jorda/VivadoProjects/SavedProjects/project_1a/p1aVITIS/design_1_wrapper/hw/design_1_wrapper.xsa
TRACE::2026-02-22.11:32:38::SCWPlatform::DSA given C:/Users/jorda/VivadoProjects/SavedProjects/project_1a/p1aVITIS/design_1_wrapper/hw/design_1_wrapper.xsa
TRACE::2026-02-22.11:32:38::SCWPlatform::DSA absoulate path C:/Users/jorda/VivadoProjects/SavedProjects/project_1a/p1aVITIS/design_1_wrapper/hw/design_1_wrapper.xsa
TRACE::2026-02-22.11:32:38::SCWPlatform::DSA directory C:/Users/jorda/VivadoProjects/SavedProjects/project_1a/p1aVITIS/design_1_wrapper/hw
TRACE::2026-02-22.11:32:38::SCWPlatform:: Platform Path C:/Users/jorda/VivadoProjects/SavedProjects/project_1a/p1aVITIS/design_1_wrapper/hw/design_1_wrapper.xsa
TRACE::2026-02-22.11:32:38::SCWPlatform:: Unique name xilinx:zybo-z7-10::0.0
TRACE::2026-02-22.11:32:38::SCWPlatform::Trying to set the existing hwdb with name design_1_wrapper_0
TRACE::2026-02-22.11:32:38::SCWPlatform::Opened existing hwdb design_1_wrapper_0
TRACE::2026-02-22.11:32:38::SCWPlatform::Found the Hw Db part of the input DSA
TRACE::2026-02-22.11:32:38::SCWMssOS::Checking the sw design at  C:/Users/jorda/VivadoProjects/SavedProjects/project_1a/p1aVITIS/design_1_wrapper/ps7_cortexa9_0/standalone_ps7_cortexa9_0/bsp/system.mss
TRACE::2026-02-22.11:32:38::SCWMssOS::DEBUG:  swdes dump  C:/Users/jorda/VivadoProjects/SavedProjects/project_1a/p1aVITIS/design_1_wrapper/ps7_cortexa9_0/standalone_ps7_cortexa9_0/bsp/system.mss|system_0||
C:/Users/jorda/VivadoProjects/SavedProjects/project_1a/p1aVITIS/design_1_wrapper/zynq_fsbl/zynq_fsbl_bsp/system.mss|system||

TRACE::2026-02-22.11:32:38::SCWMssOS::Sw design exists and opened at  C:/Users/jorda/VivadoProjects/SavedProjects/project_1a/p1aVITIS/design_1_wrapper/ps7_cortexa9_0/standalone_ps7_cortexa9_0/bsp/system.mss
TRACE::2026-02-22.11:32:38::SCWPlatform::Trying to open the hw design at C:/Users/jorda/VivadoProjects/SavedProjects/project_1a/p1aVITIS/design_1_wrapper/hw/design_1_wrapper.xsa
TRACE::2026-02-22.11:32:38::SCWPlatform::DSA given C:/Users/jorda/VivadoProjects/SavedProjects/project_1a/p1aVITIS/design_1_wrapper/hw/design_1_wrapper.xsa
TRACE::2026-02-22.11:32:38::SCWPlatform::DSA absoulate path C:/Users/jorda/VivadoProjects/SavedProjects/project_1a/p1aVITIS/design_1_wrapper/hw/design_1_wrapper.xsa
TRACE::2026-02-22.11:32:38::SCWPlatform::DSA directory C:/Users/jorda/VivadoProjects/SavedProjects/project_1a/p1aVITIS/design_1_wrapper/hw
TRACE::2026-02-22.11:32:38::SCWPlatform:: Platform Path C:/Users/jorda/VivadoProjects/SavedProjects/project_1a/p1aVITIS/design_1_wrapper/hw/design_1_wrapper.xsa
TRACE::2026-02-22.11:32:38::SCWPlatform:: Unique name xilinx:zybo-z7-10::0.0
TRACE::2026-02-22.11:32:38::SCWPlatform::Trying to set the existing hwdb with name design_1_wrapper_0
TRACE::2026-02-22.11:32:38::SCWPlatform::Opened existing hwdb design_1_wrapper_0
TRACE::2026-02-22.11:32:38::SCWPlatform::Found the Hw Db part of the input DSA
TRACE::2026-02-22.11:32:38::SCWMssOS::Checking the sw design at  C:/Users/jorda/VivadoProjects/SavedProjects/project_1a/p1aVITIS/design_1_wrapper/ps7_cortexa9_0/standalone_ps7_cortexa9_0/bsp/system.mss
TRACE::2026-02-22.11:32:38::SCWMssOS::DEBUG:  swdes dump  C:/Users/jorda/VivadoProjects/SavedProjects/project_1a/p1aVITIS/design_1_wrapper/ps7_cortexa9_0/standalone_ps7_cortexa9_0/bsp/system.mss|system_0||
C:/Users/jorda/VivadoProjects/SavedProjects/project_1a/p1aVITIS/design_1_wrapper/zynq_fsbl/zynq_fsbl_bsp/system.mss|system||

TRACE::2026-02-22.11:32:38::SCWMssOS::Sw design exists and opened at  C:/Users/jorda/VivadoProjects/SavedProjects/project_1a/p1aVITIS/design_1_wrapper/ps7_cortexa9_0/standalone_ps7_cortexa9_0/bsp/system.mss
TRACE::2026-02-22.11:32:38::SCWPlatform::Trying to open the hw design at C:/Users/jorda/VivadoProjects/SavedProjects/project_1a/p1aVITIS/design_1_wrapper/hw/design_1_wrapper.xsa
TRACE::2026-02-22.11:32:38::SCWPlatform::DSA given C:/Users/jorda/VivadoProjects/SavedProjects/project_1a/p1aVITIS/design_1_wrapper/hw/design_1_wrapper.xsa
TRACE::2026-02-22.11:32:38::SCWPlatform::DSA absoulate path C:/Users/jorda/VivadoProjects/SavedProjects/project_1a/p1aVITIS/design_1_wrapper/hw/design_1_wrapper.xsa
TRACE::2026-02-22.11:32:38::SCWPlatform::DSA directory C:/Users/jorda/VivadoProjects/SavedProjects/project_1a/p1aVITIS/design_1_wrapper/hw
TRACE::2026-02-22.11:32:38::SCWPlatform:: Platform Path C:/Users/jorda/VivadoProjects/SavedProjects/project_1a/p1aVITIS/design_1_wrapper/hw/design_1_wrapper.xsa
TRACE::2026-02-22.11:32:38::SCWPlatform:: Unique name xilinx:zybo-z7-10::0.0
TRACE::2026-02-22.11:32:38::SCWPlatform::Trying to set the existing hwdb with name design_1_wrapper_0
TRACE::2026-02-22.11:32:38::SCWPlatform::Opened existing hwdb design_1_wrapper_0
TRACE::2026-02-22.11:32:38::SCWPlatform::Found the Hw Db part of the input DSA
TRACE::2026-02-22.11:32:38::SCWMssOS::Checking the sw design at  C:/Users/jorda/VivadoProjects/SavedProjects/project_1a/p1aVITIS/design_1_wrapper/ps7_cortexa9_0/standalone_ps7_cortexa9_0/bsp/system.mss
TRACE::2026-02-22.11:32:38::SCWMssOS::DEBUG:  swdes dump  C:/Users/jorda/VivadoProjects/SavedProjects/project_1a/p1aVITIS/design_1_wrapper/ps7_cortexa9_0/standalone_ps7_cortexa9_0/bsp/system.mss|system_0||
C:/Users/jorda/VivadoProjects/SavedProjects/project_1a/p1aVITIS/design_1_wrapper/zynq_fsbl/zynq_fsbl_bsp/system.mss|system||

TRACE::2026-02-22.11:32:38::SCWMssOS::Sw design exists and opened at  C:/Users/jorda/VivadoProjects/SavedProjects/project_1a/p1aVITIS/design_1_wrapper/ps7_cortexa9_0/standalone_ps7_cortexa9_0/bsp/system.mss
TRACE::2026-02-22.11:32:38::SCWWriter::formatted JSON is {
	"platformName":	"design_1_wrapper",
	"sprVersion":	"2.0",
	"mode":	"gui",
	"dsaType":	"Fixed",
	"platformDesc":	"design_1_wrapper",
	"platHandOff":	"C:/Users/jorda/VivadoProjects/SavedProjects/project_1a/design_1_wrapper.xsa",
	"platIntHandOff":	"<platformDir>/hw/design_1_wrapper.xsa",
	"deviceType":	"zynq",
	"platIsPrebuiltAutogen":	"false",
	"platIsNoBootBsp":	"false",
	"platFsblTarget":	"ps7_cortexa9_0",
	"hasFsblMakeHasChanges":	"false",
	"hasPmufwMakeHasChanges":	"false",
	"fsblExtraCompilerFlags":	"-MMD -MP       -mcpu=cortex-a9 -mfpu=vfpv3 -mfloat-abi=hard ",
	"platPreBuiltFlag":	false,
	"platformSamplesDir":	"",
	"platActiveSys":	"design_1_wrapper",
	"systems":	[{
			"systemName":	"design_1_wrapper",
			"systemDesc":	"design_1_wrapper",
			"sysIsBootAutoGen":	"true",
			"systemDispName":	"design_1_wrapper",
			"sysActiveDom":	"standalone_ps7_cortexa9_0",
			"sysDefaultDom":	"standalone_ps7_cortexa9_0",
			"domains":	[{
					"domainName":	"zynq_fsbl",
					"domainDispName":	"zynq_fsbl",
					"domainDesc":	"FSBL Application BSP - Auto Generated.",
					"processors":	"ps7_cortexa9_0",
					"os":	"standalone",
					"sdxOs":	"standalone",
					"debugEnable":	"",
					"domRuntimes":	["cpp"],
					"swRepo":	"",
					"mssOsVer":	"7.5",
					"mssFile":	"",
					"md5Digest":	"a3feffb343d1a570344c2ef7f5d04b75",
					"compatibleApp":	"zynq_fsbl",
					"domType":	"bootDomain",
					"arch":	"32-bit",
					"appSettings":	{
						"appCompilerFlags":	"",
						"appLinkerFlags":	""
					},
					"addedLibs":	["xilffs:4.5", "xilrsa:1.6"],
					"libOptions":	{
						"libsContainingOptions":	[]
					},
					"prebuiltLibs":	{
						"prebuiltIncPath":	[],
						"prebuiltLibPath":	[]
					},
					"isolation":	{
					}
				}, {
					"domainName":	"standalone_ps7_cortexa9_0",
					"domainDispName":	"standalone_ps7_cortexa9_0",
					"domainDesc":	"standalone_ps7_cortexa9_0",
					"processors":	"ps7_cortexa9_0",
					"os":	"standalone",
					"sdxOs":	"standalone",
					"qemuArgs":	"D:/Xilinx/Vitis/2021.1/data/emulation/platforms/zynq/sw/a9_standalone/qemu/qemu_args.txt",
					"qemuData":	"D:/Xilinx/Vitis/2021.1/data/emulation/platforms/zynq/sw/a9_standalone/qemu/",
					"debugEnable":	"False",
					"domRuntimes":	["cpp"],
					"swRepo":	"",
					"mssOsVer":	"7.5",
					"mssFile":	"",
					"md5Digest":	"a132be7a81aed72071ad60986530af3a",
					"compatibleApp":	"empty_application",
					"domType":	"mssDomain",
					"arch":	"32-bit",
					"appSettings":	{
						"appCompilerFlags":	"",
						"appLinkerFlags":	""
					},
					"addedLibs":	[],
					"libOptions":	{
						"libsContainingOptions":	[]
					},
					"prebuiltLibs":	{
						"prebuiltIncPath":	[],
						"prebuiltLibPath":	[]
					},
					"isolation":	{
					}
				}]
		}]
}
KEYINFO::2026-02-22.11:32:38::SCWPlatform::updated the xpfm file.
TRACE::2026-02-22.11:32:39::SCWPlatform::Trying to open the hw design at C:/Users/jorda/VivadoProjects/SavedProjects/project_1a/p1aVITIS/design_1_wrapper/hw/design_1_wrapper.xsa
TRACE::2026-02-22.11:32:39::SCWPlatform::DSA given C:/Users/jorda/VivadoProjects/SavedProjects/project_1a/p1aVITIS/design_1_wrapper/hw/design_1_wrapper.xsa
TRACE::2026-02-22.11:32:39::SCWPlatform::DSA absoulate path C:/Users/jorda/VivadoProjects/SavedProjects/project_1a/p1aVITIS/design_1_wrapper/hw/design_1_wrapper.xsa
TRACE::2026-02-22.11:32:39::SCWPlatform::DSA directory C:/Users/jorda/VivadoProjects/SavedProjects/project_1a/p1aVITIS/design_1_wrapper/hw
TRACE::2026-02-22.11:32:39::SCWPlatform:: Platform Path C:/Users/jorda/VivadoProjects/SavedProjects/project_1a/p1aVITIS/design_1_wrapper/hw/design_1_wrapper.xsa
TRACE::2026-02-22.11:32:39::SCWPlatform:: Unique name xilinx:zybo-z7-10::0.0
TRACE::2026-02-22.11:32:39::SCWPlatform::Trying to set the existing hwdb with name design_1_wrapper_0
TRACE::2026-02-22.11:32:39::SCWPlatform::Opened existing hwdb design_1_wrapper_0
TRACE::2026-02-22.11:32:39::SCWPlatform::Found the Hw Db part of the input DSA
TRACE::2026-02-22.11:32:39::SCWMssOS::Checking the sw design at  C:/Users/jorda/VivadoProjects/SavedProjects/project_1a/p1aVITIS/design_1_wrapper/ps7_cortexa9_0/standalone_ps7_cortexa9_0/bsp/system.mss
TRACE::2026-02-22.11:32:39::SCWMssOS::DEBUG:  swdes dump  C:/Users/jorda/VivadoProjects/SavedProjects/project_1a/p1aVITIS/design_1_wrapper/ps7_cortexa9_0/standalone_ps7_cortexa9_0/bsp/system.mss|system_0||
C:/Users/jorda/VivadoProjects/SavedProjects/project_1a/p1aVITIS/design_1_wrapper/zynq_fsbl/zynq_fsbl_bsp/system.mss|system||

TRACE::2026-02-22.11:32:39::SCWMssOS::Sw design exists and opened at  C:/Users/jorda/VivadoProjects/SavedProjects/project_1a/p1aVITIS/design_1_wrapper/ps7_cortexa9_0/standalone_ps7_cortexa9_0/bsp/system.mss
TRACE::2026-02-22.11:32:39::SCWMssOS::Saving the mss changes C:/Users/jorda/VivadoProjects/SavedProjects/project_1a/p1aVITIS/design_1_wrapper/zynq_fsbl/zynq_fsbl_bsp/system.mss
TRACE::2026-02-22.11:32:39::SCWMssOS::Found a swdesign opened with the mssfile.
TRACE::2026-02-22.11:32:39::SCWMssOS::Completed writemss as part of save.
TRACE::2026-02-22.11:32:39::SCWMssOS::Commit changes completed.
TRACE::2026-02-22.11:32:39::SCWMssOS::Saving the mss changes C:/Users/jorda/VivadoProjects/SavedProjects/project_1a/p1aVITIS/design_1_wrapper/ps7_cortexa9_0/standalone_ps7_cortexa9_0/bsp/system.mss
TRACE::2026-02-22.11:32:39::SCWMssOS::Found a swdesign opened with the mssfile.
TRACE::2026-02-22.11:32:39::SCWMssOS::Completed writemss as part of save.
TRACE::2026-02-22.11:32:39::SCWMssOS::Commit changes completed.
TRACE::2026-02-22.11:32:39::SCWPlatform::Trying to open the hw design at C:/Users/jorda/VivadoProjects/SavedProjects/project_1a/p1aVITIS/design_1_wrapper/hw/design_1_wrapper.xsa
TRACE::2026-02-22.11:32:39::SCWPlatform::DSA given C:/Users/jorda/VivadoProjects/SavedProjects/project_1a/p1aVITIS/design_1_wrapper/hw/design_1_wrapper.xsa
TRACE::2026-02-22.11:32:39::SCWPlatform::DSA absoulate path C:/Users/jorda/VivadoProjects/SavedProjects/project_1a/p1aVITIS/design_1_wrapper/hw/design_1_wrapper.xsa
TRACE::2026-02-22.11:32:39::SCWPlatform::DSA directory C:/Users/jorda/VivadoProjects/SavedProjects/project_1a/p1aVITIS/design_1_wrapper/hw
TRACE::2026-02-22.11:32:39::SCWPlatform:: Platform Path C:/Users/jorda/VivadoProjects/SavedProjects/project_1a/p1aVITIS/design_1_wrapper/hw/design_1_wrapper.xsa
TRACE::2026-02-22.11:32:39::SCWPlatform:: Unique name xilinx:zybo-z7-10::0.0
TRACE::2026-02-22.11:32:39::SCWPlatform::Trying to set the existing hwdb with name design_1_wrapper_0
TRACE::2026-02-22.11:32:39::SCWPlatform::Opened existing hwdb design_1_wrapper_0
TRACE::2026-02-22.11:32:39::SCWPlatform::Found the Hw Db part of the input DSA
TRACE::2026-02-22.11:32:39::SCWMssOS::Checking the sw design at  C:/Users/jorda/VivadoProjects/SavedProjects/project_1a/p1aVITIS/design_1_wrapper/zynq_fsbl/zynq_fsbl_bsp/system.mss
TRACE::2026-02-22.11:32:39::SCWMssOS::DEBUG:  swdes dump  C:/Users/jorda/VivadoProjects/SavedProjects/project_1a/p1aVITIS/design_1_wrapper/ps7_cortexa9_0/standalone_ps7_cortexa9_0/bsp/system.mss|system_0||
C:/Users/jorda/VivadoProjects/SavedProjects/project_1a/p1aVITIS/design_1_wrapper/zynq_fsbl/zynq_fsbl_bsp/system.mss|system||

TRACE::2026-02-22.11:32:39::SCWMssOS::Sw design exists and opened at  C:/Users/jorda/VivadoProjects/SavedProjects/project_1a/p1aVITIS/design_1_wrapper/zynq_fsbl/zynq_fsbl_bsp/system.mss
TRACE::2026-02-22.11:32:39::SCWPlatform::Trying to open the hw design at C:/Users/jorda/VivadoProjects/SavedProjects/project_1a/p1aVITIS/design_1_wrapper/hw/design_1_wrapper.xsa
TRACE::2026-02-22.11:32:39::SCWPlatform::DSA given C:/Users/jorda/VivadoProjects/SavedProjects/project_1a/p1aVITIS/design_1_wrapper/hw/design_1_wrapper.xsa
TRACE::2026-02-22.11:32:39::SCWPlatform::DSA absoulate path C:/Users/jorda/VivadoProjects/SavedProjects/project_1a/p1aVITIS/design_1_wrapper/hw/design_1_wrapper.xsa
TRACE::2026-02-22.11:32:39::SCWPlatform::DSA directory C:/Users/jorda/VivadoProjects/SavedProjects/project_1a/p1aVITIS/design_1_wrapper/hw
TRACE::2026-02-22.11:32:39::SCWPlatform:: Platform Path C:/Users/jorda/VivadoProjects/SavedProjects/project_1a/p1aVITIS/design_1_wrapper/hw/design_1_wrapper.xsa
TRACE::2026-02-22.11:32:39::SCWPlatform:: Unique name xilinx:zybo-z7-10::0.0
TRACE::2026-02-22.11:32:39::SCWPlatform::Trying to set the existing hwdb with name design_1_wrapper_0
TRACE::2026-02-22.11:32:39::SCWPlatform::Opened existing hwdb design_1_wrapper_0
TRACE::2026-02-22.11:32:39::SCWPlatform::Found the Hw Db part of the input DSA
TRACE::2026-02-22.11:32:39::SCWMssOS::Checking the sw design at  C:/Users/jorda/VivadoProjects/SavedProjects/project_1a/p1aVITIS/design_1_wrapper/zynq_fsbl/zynq_fsbl_bsp/system.mss
TRACE::2026-02-22.11:32:39::SCWMssOS::DEBUG:  swdes dump  C:/Users/jorda/VivadoProjects/SavedProjects/project_1a/p1aVITIS/design_1_wrapper/ps7_cortexa9_0/standalone_ps7_cortexa9_0/bsp/system.mss|system_0||
C:/Users/jorda/VivadoProjects/SavedProjects/project_1a/p1aVITIS/design_1_wrapper/zynq_fsbl/zynq_fsbl_bsp/system.mss|system||

TRACE::2026-02-22.11:32:39::SCWMssOS::Sw design exists and opened at  C:/Users/jorda/VivadoProjects/SavedProjects/project_1a/p1aVITIS/design_1_wrapper/zynq_fsbl/zynq_fsbl_bsp/system.mss
TRACE::2026-02-22.11:32:39::SCWPlatform::Trying to open the hw design at C:/Users/jorda/VivadoProjects/SavedProjects/project_1a/p1aVITIS/design_1_wrapper/hw/design_1_wrapper.xsa
TRACE::2026-02-22.11:32:39::SCWPlatform::DSA given C:/Users/jorda/VivadoProjects/SavedProjects/project_1a/p1aVITIS/design_1_wrapper/hw/design_1_wrapper.xsa
TRACE::2026-02-22.11:32:39::SCWPlatform::DSA absoulate path C:/Users/jorda/VivadoProjects/SavedProjects/project_1a/p1aVITIS/design_1_wrapper/hw/design_1_wrapper.xsa
TRACE::2026-02-22.11:32:39::SCWPlatform::DSA directory C:/Users/jorda/VivadoProjects/SavedProjects/project_1a/p1aVITIS/design_1_wrapper/hw
TRACE::2026-02-22.11:32:39::SCWPlatform:: Platform Path C:/Users/jorda/VivadoProjects/SavedProjects/project_1a/p1aVITIS/design_1_wrapper/hw/design_1_wrapper.xsa
TRACE::2026-02-22.11:32:39::SCWPlatform:: Unique name xilinx:zybo-z7-10::0.0
TRACE::2026-02-22.11:32:39::SCWPlatform::Trying to set the existing hwdb with name design_1_wrapper_0
TRACE::2026-02-22.11:32:39::SCWPlatform::Opened existing hwdb design_1_wrapper_0
TRACE::2026-02-22.11:32:39::SCWPlatform::Found the Hw Db part of the input DSA
TRACE::2026-02-22.11:32:39::SCWMssOS::Checking the sw design at  C:/Users/jorda/VivadoProjects/SavedProjects/project_1a/p1aVITIS/design_1_wrapper/zynq_fsbl/zynq_fsbl_bsp/system.mss
TRACE::2026-02-22.11:32:39::SCWMssOS::DEBUG:  swdes dump  C:/Users/jorda/VivadoProjects/SavedProjects/project_1a/p1aVITIS/design_1_wrapper/ps7_cortexa9_0/standalone_ps7_cortexa9_0/bsp/system.mss|system_0||
C:/Users/jorda/VivadoProjects/SavedProjects/project_1a/p1aVITIS/design_1_wrapper/zynq_fsbl/zynq_fsbl_bsp/system.mss|system||

TRACE::2026-02-22.11:32:39::SCWMssOS::Sw design exists and opened at  C:/Users/jorda/VivadoProjects/SavedProjects/project_1a/p1aVITIS/design_1_wrapper/zynq_fsbl/zynq_fsbl_bsp/system.mss
TRACE::2026-02-22.11:32:39::SCWPlatform::Trying to open the hw design at C:/Users/jorda/VivadoProjects/SavedProjects/project_1a/p1aVITIS/design_1_wrapper/hw/design_1_wrapper.xsa
TRACE::2026-02-22.11:32:39::SCWPlatform::DSA given C:/Users/jorda/VivadoProjects/SavedProjects/project_1a/p1aVITIS/design_1_wrapper/hw/design_1_wrapper.xsa
TRACE::2026-02-22.11:32:39::SCWPlatform::DSA absoulate path C:/Users/jorda/VivadoProjects/SavedProjects/project_1a/p1aVITIS/design_1_wrapper/hw/design_1_wrapper.xsa
TRACE::2026-02-22.11:32:39::SCWPlatform::DSA directory C:/Users/jorda/VivadoProjects/SavedProjects/project_1a/p1aVITIS/design_1_wrapper/hw
TRACE::2026-02-22.11:32:39::SCWPlatform:: Platform Path C:/Users/jorda/VivadoProjects/SavedProjects/project_1a/p1aVITIS/design_1_wrapper/hw/design_1_wrapper.xsa
TRACE::2026-02-22.11:32:39::SCWPlatform:: Unique name xilinx:zybo-z7-10::0.0
TRACE::2026-02-22.11:32:39::SCWPlatform::Trying to set the existing hwdb with name design_1_wrapper_0
TRACE::2026-02-22.11:32:39::SCWPlatform::Opened existing hwdb design_1_wrapper_0
TRACE::2026-02-22.11:32:39::SCWPlatform::Found the Hw Db part of the input DSA
TRACE::2026-02-22.11:32:39::SCWMssOS::Checking the sw design at  C:/Users/jorda/VivadoProjects/SavedProjects/project_1a/p1aVITIS/design_1_wrapper/ps7_cortexa9_0/standalone_ps7_cortexa9_0/bsp/system.mss
TRACE::2026-02-22.11:32:39::SCWMssOS::DEBUG:  swdes dump  C:/Users/jorda/VivadoProjects/SavedProjects/project_1a/p1aVITIS/design_1_wrapper/ps7_cortexa9_0/standalone_ps7_cortexa9_0/bsp/system.mss|system_0||
C:/Users/jorda/VivadoProjects/SavedProjects/project_1a/p1aVITIS/design_1_wrapper/zynq_fsbl/zynq_fsbl_bsp/system.mss|system||

TRACE::2026-02-22.11:32:39::SCWMssOS::Sw design exists and opened at  C:/Users/jorda/VivadoProjects/SavedProjects/project_1a/p1aVITIS/design_1_wrapper/ps7_cortexa9_0/standalone_ps7_cortexa9_0/bsp/system.mss
TRACE::2026-02-22.11:32:39::SCWPlatform::Trying to open the hw design at C:/Users/jorda/VivadoProjects/SavedProjects/project_1a/p1aVITIS/design_1_wrapper/hw/design_1_wrapper.xsa
TRACE::2026-02-22.11:32:39::SCWPlatform::DSA given C:/Users/jorda/VivadoProjects/SavedProjects/project_1a/p1aVITIS/design_1_wrapper/hw/design_1_wrapper.xsa
TRACE::2026-02-22.11:32:39::SCWPlatform::DSA absoulate path C:/Users/jorda/VivadoProjects/SavedProjects/project_1a/p1aVITIS/design_1_wrapper/hw/design_1_wrapper.xsa
TRACE::2026-02-22.11:32:39::SCWPlatform::DSA directory C:/Users/jorda/VivadoProjects/SavedProjects/project_1a/p1aVITIS/design_1_wrapper/hw
TRACE::2026-02-22.11:32:39::SCWPlatform:: Platform Path C:/Users/jorda/VivadoProjects/SavedProjects/project_1a/p1aVITIS/design_1_wrapper/hw/design_1_wrapper.xsa
TRACE::2026-02-22.11:32:39::SCWPlatform:: Unique name xilinx:zybo-z7-10::0.0
TRACE::2026-02-22.11:32:39::SCWPlatform::Trying to set the existing hwdb with name design_1_wrapper_0
TRACE::2026-02-22.11:32:39::SCWPlatform::Opened existing hwdb design_1_wrapper_0
TRACE::2026-02-22.11:32:39::SCWPlatform::Found the Hw Db part of the input DSA
TRACE::2026-02-22.11:32:39::SCWMssOS::Checking the sw design at  C:/Users/jorda/VivadoProjects/SavedProjects/project_1a/p1aVITIS/design_1_wrapper/ps7_cortexa9_0/standalone_ps7_cortexa9_0/bsp/system.mss
TRACE::2026-02-22.11:32:39::SCWMssOS::DEBUG:  swdes dump  C:/Users/jorda/VivadoProjects/SavedProjects/project_1a/p1aVITIS/design_1_wrapper/ps7_cortexa9_0/standalone_ps7_cortexa9_0/bsp/system.mss|system_0||
C:/Users/jorda/VivadoProjects/SavedProjects/project_1a/p1aVITIS/design_1_wrapper/zynq_fsbl/zynq_fsbl_bsp/system.mss|system||

TRACE::2026-02-22.11:32:39::SCWMssOS::Sw design exists and opened at  C:/Users/jorda/VivadoProjects/SavedProjects/project_1a/p1aVITIS/design_1_wrapper/ps7_cortexa9_0/standalone_ps7_cortexa9_0/bsp/system.mss
TRACE::2026-02-22.11:32:39::SCWPlatform::Trying to open the hw design at C:/Users/jorda/VivadoProjects/SavedProjects/project_1a/p1aVITIS/design_1_wrapper/hw/design_1_wrapper.xsa
TRACE::2026-02-22.11:32:39::SCWPlatform::DSA given C:/Users/jorda/VivadoProjects/SavedProjects/project_1a/p1aVITIS/design_1_wrapper/hw/design_1_wrapper.xsa
TRACE::2026-02-22.11:32:39::SCWPlatform::DSA absoulate path C:/Users/jorda/VivadoProjects/SavedProjects/project_1a/p1aVITIS/design_1_wrapper/hw/design_1_wrapper.xsa
TRACE::2026-02-22.11:32:39::SCWPlatform::DSA directory C:/Users/jorda/VivadoProjects/SavedProjects/project_1a/p1aVITIS/design_1_wrapper/hw
TRACE::2026-02-22.11:32:39::SCWPlatform:: Platform Path C:/Users/jorda/VivadoProjects/SavedProjects/project_1a/p1aVITIS/design_1_wrapper/hw/design_1_wrapper.xsa
TRACE::2026-02-22.11:32:39::SCWPlatform:: Unique name xilinx:zybo-z7-10::0.0
TRACE::2026-02-22.11:32:39::SCWPlatform::Trying to set the existing hwdb with name design_1_wrapper_0
TRACE::2026-02-22.11:32:39::SCWPlatform::Opened existing hwdb design_1_wrapper_0
TRACE::2026-02-22.11:32:39::SCWPlatform::Found the Hw Db part of the input DSA
TRACE::2026-02-22.11:32:39::SCWMssOS::Checking the sw design at  C:/Users/jorda/VivadoProjects/SavedProjects/project_1a/p1aVITIS/design_1_wrapper/ps7_cortexa9_0/standalone_ps7_cortexa9_0/bsp/system.mss
TRACE::2026-02-22.11:32:39::SCWMssOS::DEBUG:  swdes dump  C:/Users/jorda/VivadoProjects/SavedProjects/project_1a/p1aVITIS/design_1_wrapper/ps7_cortexa9_0/standalone_ps7_cortexa9_0/bsp/system.mss|system_0||
C:/Users/jorda/VivadoProjects/SavedProjects/project_1a/p1aVITIS/design_1_wrapper/zynq_fsbl/zynq_fsbl_bsp/system.mss|system||

TRACE::2026-02-22.11:32:39::SCWMssOS::Sw design exists and opened at  C:/Users/jorda/VivadoProjects/SavedProjects/project_1a/p1aVITIS/design_1_wrapper/ps7_cortexa9_0/standalone_ps7_cortexa9_0/bsp/system.mss
TRACE::2026-02-22.11:32:39::SCWWriter::formatted JSON is {
	"platformName":	"design_1_wrapper",
	"sprVersion":	"2.0",
	"mode":	"gui",
	"dsaType":	"Fixed",
	"platformDesc":	"design_1_wrapper",
	"platHandOff":	"C:/Users/jorda/VivadoProjects/SavedProjects/project_1a/design_1_wrapper.xsa",
	"platIntHandOff":	"<platformDir>/hw/design_1_wrapper.xsa",
	"deviceType":	"zynq",
	"platIsPrebuiltAutogen":	"false",
	"platIsNoBootBsp":	"false",
	"platFsblTarget":	"ps7_cortexa9_0",
	"hasFsblMakeHasChanges":	"false",
	"hasPmufwMakeHasChanges":	"false",
	"fsblExtraCompilerFlags":	"-MMD -MP       -mcpu=cortex-a9 -mfpu=vfpv3 -mfloat-abi=hard ",
	"platPreBuiltFlag":	false,
	"platformSamplesDir":	"",
	"platActiveSys":	"design_1_wrapper",
	"systems":	[{
			"systemName":	"design_1_wrapper",
			"systemDesc":	"design_1_wrapper",
			"sysIsBootAutoGen":	"true",
			"systemDispName":	"design_1_wrapper",
			"sysActiveDom":	"standalone_ps7_cortexa9_0",
			"sysDefaultDom":	"standalone_ps7_cortexa9_0",
			"domains":	[{
					"domainName":	"zynq_fsbl",
					"domainDispName":	"zynq_fsbl",
					"domainDesc":	"FSBL Application BSP - Auto Generated.",
					"processors":	"ps7_cortexa9_0",
					"os":	"standalone",
					"sdxOs":	"standalone",
					"debugEnable":	"",
					"domRuntimes":	["cpp"],
					"swRepo":	"",
					"mssOsVer":	"7.5",
					"mssFile":	"",
					"md5Digest":	"a3feffb343d1a570344c2ef7f5d04b75",
					"compatibleApp":	"zynq_fsbl",
					"domType":	"bootDomain",
					"arch":	"32-bit",
					"appSettings":	{
						"appCompilerFlags":	"",
						"appLinkerFlags":	""
					},
					"addedLibs":	["xilffs:4.5", "xilrsa:1.6"],
					"libOptions":	{
						"libsContainingOptions":	[]
					},
					"prebuiltLibs":	{
						"prebuiltIncPath":	[],
						"prebuiltLibPath":	[]
					},
					"isolation":	{
					}
				}, {
					"domainName":	"standalone_ps7_cortexa9_0",
					"domainDispName":	"standalone_ps7_cortexa9_0",
					"domainDesc":	"standalone_ps7_cortexa9_0",
					"processors":	"ps7_cortexa9_0",
					"os":	"standalone",
					"sdxOs":	"standalone",
					"qemuArgs":	"D:/Xilinx/Vitis/2021.1/data/emulation/platforms/zynq/sw/a9_standalone/qemu/qemu_args.txt",
					"qemuData":	"D:/Xilinx/Vitis/2021.1/data/emulation/platforms/zynq/sw/a9_standalone/qemu/",
					"debugEnable":	"False",
					"domRuntimes":	["cpp"],
					"swRepo":	"",
					"mssOsVer":	"7.5",
					"mssFile":	"",
					"md5Digest":	"a132be7a81aed72071ad60986530af3a",
					"compatibleApp":	"empty_application",
					"domType":	"mssDomain",
					"arch":	"32-bit",
					"appSettings":	{
						"appCompilerFlags":	"",
						"appLinkerFlags":	""
					},
					"addedLibs":	[],
					"libOptions":	{
						"libsContainingOptions":	[]
					},
					"prebuiltLibs":	{
						"prebuiltIncPath":	[],
						"prebuiltLibPath":	[]
					},
					"isolation":	{
					}
				}]
		}]
}
TRACE::2026-02-22.11:32:39::SCWPlatform::Trying to open the hw design at C:/Users/jorda/VivadoProjects/SavedProjects/project_1a/p1aVITIS/design_1_wrapper/hw/design_1_wrapper.xsa
TRACE::2026-02-22.11:32:39::SCWPlatform::DSA given C:/Users/jorda/VivadoProjects/SavedProjects/project_1a/p1aVITIS/design_1_wrapper/hw/design_1_wrapper.xsa
TRACE::2026-02-22.11:32:39::SCWPlatform::DSA absoulate path C:/Users/jorda/VivadoProjects/SavedProjects/project_1a/p1aVITIS/design_1_wrapper/hw/design_1_wrapper.xsa
TRACE::2026-02-22.11:32:39::SCWPlatform::DSA directory C:/Users/jorda/VivadoProjects/SavedProjects/project_1a/p1aVITIS/design_1_wrapper/hw
TRACE::2026-02-22.11:32:39::SCWPlatform:: Platform Path C:/Users/jorda/VivadoProjects/SavedProjects/project_1a/p1aVITIS/design_1_wrapper/hw/design_1_wrapper.xsa
TRACE::2026-02-22.11:32:39::SCWPlatform:: Unique name xilinx:zybo-z7-10::0.0
TRACE::2026-02-22.11:32:39::SCWPlatform::Trying to set the existing hwdb with name design_1_wrapper_0
TRACE::2026-02-22.11:32:39::SCWPlatform::Opened existing hwdb design_1_wrapper_0
TRACE::2026-02-22.11:32:39::SCWPlatform::Found the Hw Db part of the input DSA
TRACE::2026-02-22.11:32:39::SCWMssOS::Checking the sw design at  C:/Users/jorda/VivadoProjects/SavedProjects/project_1a/p1aVITIS/design_1_wrapper/ps7_cortexa9_0/standalone_ps7_cortexa9_0/bsp/system.mss
TRACE::2026-02-22.11:32:39::SCWMssOS::DEBUG:  swdes dump  C:/Users/jorda/VivadoProjects/SavedProjects/project_1a/p1aVITIS/design_1_wrapper/ps7_cortexa9_0/standalone_ps7_cortexa9_0/bsp/system.mss|system_0||
C:/Users/jorda/VivadoProjects/SavedProjects/project_1a/p1aVITIS/design_1_wrapper/zynq_fsbl/zynq_fsbl_bsp/system.mss|system||

TRACE::2026-02-22.11:32:39::SCWMssOS::Sw design exists and opened at  C:/Users/jorda/VivadoProjects/SavedProjects/project_1a/p1aVITIS/design_1_wrapper/ps7_cortexa9_0/standalone_ps7_cortexa9_0/bsp/system.mss
TRACE::2026-02-22.11:32:39::SCWPlatform::Trying to open the hw design at C:/Users/jorda/VivadoProjects/SavedProjects/project_1a/p1aVITIS/design_1_wrapper/hw/design_1_wrapper.xsa
TRACE::2026-02-22.11:32:39::SCWPlatform::DSA given C:/Users/jorda/VivadoProjects/SavedProjects/project_1a/p1aVITIS/design_1_wrapper/hw/design_1_wrapper.xsa
TRACE::2026-02-22.11:32:39::SCWPlatform::DSA absoulate path C:/Users/jorda/VivadoProjects/SavedProjects/project_1a/p1aVITIS/design_1_wrapper/hw/design_1_wrapper.xsa
TRACE::2026-02-22.11:32:39::SCWPlatform::DSA directory C:/Users/jorda/VivadoProjects/SavedProjects/project_1a/p1aVITIS/design_1_wrapper/hw
TRACE::2026-02-22.11:32:39::SCWPlatform:: Platform Path C:/Users/jorda/VivadoProjects/SavedProjects/project_1a/p1aVITIS/design_1_wrapper/hw/design_1_wrapper.xsa
TRACE::2026-02-22.11:32:39::SCWPlatform:: Unique name xilinx:zybo-z7-10::0.0
TRACE::2026-02-22.11:32:39::SCWPlatform::Trying to set the existing hwdb with name design_1_wrapper_0
TRACE::2026-02-22.11:32:39::SCWPlatform::Opened existing hwdb design_1_wrapper_0
TRACE::2026-02-22.11:32:39::SCWPlatform::Found the Hw Db part of the input DSA
TRACE::2026-02-22.11:32:39::SCWMssOS::Checking the sw design at  C:/Users/jorda/VivadoProjects/SavedProjects/project_1a/p1aVITIS/design_1_wrapper/ps7_cortexa9_0/standalone_ps7_cortexa9_0/bsp/system.mss
TRACE::2026-02-22.11:32:39::SCWMssOS::DEBUG:  swdes dump  C:/Users/jorda/VivadoProjects/SavedProjects/project_1a/p1aVITIS/design_1_wrapper/ps7_cortexa9_0/standalone_ps7_cortexa9_0/bsp/system.mss|system_0||
C:/Users/jorda/VivadoProjects/SavedProjects/project_1a/p1aVITIS/design_1_wrapper/zynq_fsbl/zynq_fsbl_bsp/system.mss|system||

TRACE::2026-02-22.11:32:39::SCWMssOS::Sw design exists and opened at  C:/Users/jorda/VivadoProjects/SavedProjects/project_1a/p1aVITIS/design_1_wrapper/ps7_cortexa9_0/standalone_ps7_cortexa9_0/bsp/system.mss
TRACE::2026-02-22.11:32:39::SCWMssOS::Saving the mss changes C:/Users/jorda/VivadoProjects/SavedProjects/project_1a/p1aVITIS/design_1_wrapper/zynq_fsbl/zynq_fsbl_bsp/system.mss
TRACE::2026-02-22.11:32:39::SCWMssOS::Found a swdesign opened with the mssfile.
TRACE::2026-02-22.11:32:39::SCWMssOS::Completed writemss as part of save.
TRACE::2026-02-22.11:32:39::SCWMssOS::Commit changes completed.
TRACE::2026-02-22.11:32:39::SCWMssOS::Saving the mss changes C:/Users/jorda/VivadoProjects/SavedProjects/project_1a/p1aVITIS/design_1_wrapper/ps7_cortexa9_0/standalone_ps7_cortexa9_0/bsp/system.mss
TRACE::2026-02-22.11:32:39::SCWMssOS::Found a swdesign opened with the mssfile.
TRACE::2026-02-22.11:32:39::SCWMssOS::Completed writemss as part of save.
TRACE::2026-02-22.11:32:39::SCWMssOS::Commit changes completed.
TRACE::2026-02-22.11:32:39::SCWPlatform::Trying to open the hw design at C:/Users/jorda/VivadoProjects/SavedProjects/project_1a/p1aVITIS/design_1_wrapper/hw/design_1_wrapper.xsa
TRACE::2026-02-22.11:32:39::SCWPlatform::DSA given C:/Users/jorda/VivadoProjects/SavedProjects/project_1a/p1aVITIS/design_1_wrapper/hw/design_1_wrapper.xsa
TRACE::2026-02-22.11:32:39::SCWPlatform::DSA absoulate path C:/Users/jorda/VivadoProjects/SavedProjects/project_1a/p1aVITIS/design_1_wrapper/hw/design_1_wrapper.xsa
TRACE::2026-02-22.11:32:39::SCWPlatform::DSA directory C:/Users/jorda/VivadoProjects/SavedProjects/project_1a/p1aVITIS/design_1_wrapper/hw
TRACE::2026-02-22.11:32:39::SCWPlatform:: Platform Path C:/Users/jorda/VivadoProjects/SavedProjects/project_1a/p1aVITIS/design_1_wrapper/hw/design_1_wrapper.xsa
TRACE::2026-02-22.11:32:39::SCWPlatform:: Unique name xilinx:zybo-z7-10::0.0
TRACE::2026-02-22.11:32:39::SCWPlatform::Trying to set the existing hwdb with name design_1_wrapper_0
TRACE::2026-02-22.11:32:39::SCWPlatform::Opened existing hwdb design_1_wrapper_0
TRACE::2026-02-22.11:32:39::SCWPlatform::Found the Hw Db part of the input DSA
TRACE::2026-02-22.11:32:39::SCWMssOS::Checking the sw design at  C:/Users/jorda/VivadoProjects/SavedProjects/project_1a/p1aVITIS/design_1_wrapper/zynq_fsbl/zynq_fsbl_bsp/system.mss
TRACE::2026-02-22.11:32:39::SCWMssOS::DEBUG:  swdes dump  C:/Users/jorda/VivadoProjects/SavedProjects/project_1a/p1aVITIS/design_1_wrapper/ps7_cortexa9_0/standalone_ps7_cortexa9_0/bsp/system.mss|system_0||
C:/Users/jorda/VivadoProjects/SavedProjects/project_1a/p1aVITIS/design_1_wrapper/zynq_fsbl/zynq_fsbl_bsp/system.mss|system||

TRACE::2026-02-22.11:32:39::SCWMssOS::Sw design exists and opened at  C:/Users/jorda/VivadoProjects/SavedProjects/project_1a/p1aVITIS/design_1_wrapper/zynq_fsbl/zynq_fsbl_bsp/system.mss
TRACE::2026-02-22.11:32:39::SCWPlatform::Trying to open the hw design at C:/Users/jorda/VivadoProjects/SavedProjects/project_1a/p1aVITIS/design_1_wrapper/hw/design_1_wrapper.xsa
TRACE::2026-02-22.11:32:39::SCWPlatform::DSA given C:/Users/jorda/VivadoProjects/SavedProjects/project_1a/p1aVITIS/design_1_wrapper/hw/design_1_wrapper.xsa
TRACE::2026-02-22.11:32:39::SCWPlatform::DSA absoulate path C:/Users/jorda/VivadoProjects/SavedProjects/project_1a/p1aVITIS/design_1_wrapper/hw/design_1_wrapper.xsa
TRACE::2026-02-22.11:32:39::SCWPlatform::DSA directory C:/Users/jorda/VivadoProjects/SavedProjects/project_1a/p1aVITIS/design_1_wrapper/hw
TRACE::2026-02-22.11:32:39::SCWPlatform:: Platform Path C:/Users/jorda/VivadoProjects/SavedProjects/project_1a/p1aVITIS/design_1_wrapper/hw/design_1_wrapper.xsa
TRACE::2026-02-22.11:32:39::SCWPlatform:: Unique name xilinx:zybo-z7-10::0.0
TRACE::2026-02-22.11:32:39::SCWPlatform::Trying to set the existing hwdb with name design_1_wrapper_0
TRACE::2026-02-22.11:32:39::SCWPlatform::Opened existing hwdb design_1_wrapper_0
TRACE::2026-02-22.11:32:39::SCWPlatform::Found the Hw Db part of the input DSA
TRACE::2026-02-22.11:32:39::SCWMssOS::Checking the sw design at  C:/Users/jorda/VivadoProjects/SavedProjects/project_1a/p1aVITIS/design_1_wrapper/zynq_fsbl/zynq_fsbl_bsp/system.mss
TRACE::2026-02-22.11:32:39::SCWMssOS::DEBUG:  swdes dump  C:/Users/jorda/VivadoProjects/SavedProjects/project_1a/p1aVITIS/design_1_wrapper/ps7_cortexa9_0/standalone_ps7_cortexa9_0/bsp/system.mss|system_0||
C:/Users/jorda/VivadoProjects/SavedProjects/project_1a/p1aVITIS/design_1_wrapper/zynq_fsbl/zynq_fsbl_bsp/system.mss|system||

TRACE::2026-02-22.11:32:39::SCWMssOS::Sw design exists and opened at  C:/Users/jorda/VivadoProjects/SavedProjects/project_1a/p1aVITIS/design_1_wrapper/zynq_fsbl/zynq_fsbl_bsp/system.mss
TRACE::2026-02-22.11:32:39::SCWPlatform::Trying to open the hw design at C:/Users/jorda/VivadoProjects/SavedProjects/project_1a/p1aVITIS/design_1_wrapper/hw/design_1_wrapper.xsa
TRACE::2026-02-22.11:32:39::SCWPlatform::DSA given C:/Users/jorda/VivadoProjects/SavedProjects/project_1a/p1aVITIS/design_1_wrapper/hw/design_1_wrapper.xsa
TRACE::2026-02-22.11:32:39::SCWPlatform::DSA absoulate path C:/Users/jorda/VivadoProjects/SavedProjects/project_1a/p1aVITIS/design_1_wrapper/hw/design_1_wrapper.xsa
TRACE::2026-02-22.11:32:39::SCWPlatform::DSA directory C:/Users/jorda/VivadoProjects/SavedProjects/project_1a/p1aVITIS/design_1_wrapper/hw
TRACE::2026-02-22.11:32:39::SCWPlatform:: Platform Path C:/Users/jorda/VivadoProjects/SavedProjects/project_1a/p1aVITIS/design_1_wrapper/hw/design_1_wrapper.xsa
TRACE::2026-02-22.11:32:39::SCWPlatform:: Unique name xilinx:zybo-z7-10::0.0
TRACE::2026-02-22.11:32:39::SCWPlatform::Trying to set the existing hwdb with name design_1_wrapper_0
TRACE::2026-02-22.11:32:39::SCWPlatform::Opened existing hwdb design_1_wrapper_0
TRACE::2026-02-22.11:32:39::SCWPlatform::Found the Hw Db part of the input DSA
TRACE::2026-02-22.11:32:39::SCWMssOS::Checking the sw design at  C:/Users/jorda/VivadoProjects/SavedProjects/project_1a/p1aVITIS/design_1_wrapper/zynq_fsbl/zynq_fsbl_bsp/system.mss
TRACE::2026-02-22.11:32:39::SCWMssOS::DEBUG:  swdes dump  C:/Users/jorda/VivadoProjects/SavedProjects/project_1a/p1aVITIS/design_1_wrapper/ps7_cortexa9_0/standalone_ps7_cortexa9_0/bsp/system.mss|system_0||
C:/Users/jorda/VivadoProjects/SavedProjects/project_1a/p1aVITIS/design_1_wrapper/zynq_fsbl/zynq_fsbl_bsp/system.mss|system||

TRACE::2026-02-22.11:32:39::SCWMssOS::Sw design exists and opened at  C:/Users/jorda/VivadoProjects/SavedProjects/project_1a/p1aVITIS/design_1_wrapper/zynq_fsbl/zynq_fsbl_bsp/system.mss
TRACE::2026-02-22.11:32:39::SCWPlatform::Trying to open the hw design at C:/Users/jorda/VivadoProjects/SavedProjects/project_1a/p1aVITIS/design_1_wrapper/hw/design_1_wrapper.xsa
TRACE::2026-02-22.11:32:39::SCWPlatform::DSA given C:/Users/jorda/VivadoProjects/SavedProjects/project_1a/p1aVITIS/design_1_wrapper/hw/design_1_wrapper.xsa
TRACE::2026-02-22.11:32:39::SCWPlatform::DSA absoulate path C:/Users/jorda/VivadoProjects/SavedProjects/project_1a/p1aVITIS/design_1_wrapper/hw/design_1_wrapper.xsa
TRACE::2026-02-22.11:32:39::SCWPlatform::DSA directory C:/Users/jorda/VivadoProjects/SavedProjects/project_1a/p1aVITIS/design_1_wrapper/hw
TRACE::2026-02-22.11:32:39::SCWPlatform:: Platform Path C:/Users/jorda/VivadoProjects/SavedProjects/project_1a/p1aVITIS/design_1_wrapper/hw/design_1_wrapper.xsa
TRACE::2026-02-22.11:32:39::SCWPlatform:: Unique name xilinx:zybo-z7-10::0.0
TRACE::2026-02-22.11:32:39::SCWPlatform::Trying to set the existing hwdb with name design_1_wrapper_0
TRACE::2026-02-22.11:32:39::SCWPlatform::Opened existing hwdb design_1_wrapper_0
TRACE::2026-02-22.11:32:39::SCWPlatform::Found the Hw Db part of the input DSA
TRACE::2026-02-22.11:32:39::SCWMssOS::Checking the sw design at  C:/Users/jorda/VivadoProjects/SavedProjects/project_1a/p1aVITIS/design_1_wrapper/ps7_cortexa9_0/standalone_ps7_cortexa9_0/bsp/system.mss
TRACE::2026-02-22.11:32:39::SCWMssOS::DEBUG:  swdes dump  C:/Users/jorda/VivadoProjects/SavedProjects/project_1a/p1aVITIS/design_1_wrapper/ps7_cortexa9_0/standalone_ps7_cortexa9_0/bsp/system.mss|system_0||
C:/Users/jorda/VivadoProjects/SavedProjects/project_1a/p1aVITIS/design_1_wrapper/zynq_fsbl/zynq_fsbl_bsp/system.mss|system||

TRACE::2026-02-22.11:32:39::SCWMssOS::Sw design exists and opened at  C:/Users/jorda/VivadoProjects/SavedProjects/project_1a/p1aVITIS/design_1_wrapper/ps7_cortexa9_0/standalone_ps7_cortexa9_0/bsp/system.mss
TRACE::2026-02-22.11:32:39::SCWPlatform::Trying to open the hw design at C:/Users/jorda/VivadoProjects/SavedProjects/project_1a/p1aVITIS/design_1_wrapper/hw/design_1_wrapper.xsa
TRACE::2026-02-22.11:32:39::SCWPlatform::DSA given C:/Users/jorda/VivadoProjects/SavedProjects/project_1a/p1aVITIS/design_1_wrapper/hw/design_1_wrapper.xsa
TRACE::2026-02-22.11:32:39::SCWPlatform::DSA absoulate path C:/Users/jorda/VivadoProjects/SavedProjects/project_1a/p1aVITIS/design_1_wrapper/hw/design_1_wrapper.xsa
TRACE::2026-02-22.11:32:39::SCWPlatform::DSA directory C:/Users/jorda/VivadoProjects/SavedProjects/project_1a/p1aVITIS/design_1_wrapper/hw
TRACE::2026-02-22.11:32:39::SCWPlatform:: Platform Path C:/Users/jorda/VivadoProjects/SavedProjects/project_1a/p1aVITIS/design_1_wrapper/hw/design_1_wrapper.xsa
TRACE::2026-02-22.11:32:39::SCWPlatform:: Unique name xilinx:zybo-z7-10::0.0
TRACE::2026-02-22.11:32:39::SCWPlatform::Trying to set the existing hwdb with name design_1_wrapper_0
TRACE::2026-02-22.11:32:39::SCWPlatform::Opened existing hwdb design_1_wrapper_0
TRACE::2026-02-22.11:32:39::SCWPlatform::Found the Hw Db part of the input DSA
TRACE::2026-02-22.11:32:39::SCWMssOS::Checking the sw design at  C:/Users/jorda/VivadoProjects/SavedProjects/project_1a/p1aVITIS/design_1_wrapper/ps7_cortexa9_0/standalone_ps7_cortexa9_0/bsp/system.mss
TRACE::2026-02-22.11:32:39::SCWMssOS::DEBUG:  swdes dump  C:/Users/jorda/VivadoProjects/SavedProjects/project_1a/p1aVITIS/design_1_wrapper/ps7_cortexa9_0/standalone_ps7_cortexa9_0/bsp/system.mss|system_0||
C:/Users/jorda/VivadoProjects/SavedProjects/project_1a/p1aVITIS/design_1_wrapper/zynq_fsbl/zynq_fsbl_bsp/system.mss|system||

TRACE::2026-02-22.11:32:39::SCWMssOS::Sw design exists and opened at  C:/Users/jorda/VivadoProjects/SavedProjects/project_1a/p1aVITIS/design_1_wrapper/ps7_cortexa9_0/standalone_ps7_cortexa9_0/bsp/system.mss
TRACE::2026-02-22.11:32:39::SCWPlatform::Trying to open the hw design at C:/Users/jorda/VivadoProjects/SavedProjects/project_1a/p1aVITIS/design_1_wrapper/hw/design_1_wrapper.xsa
TRACE::2026-02-22.11:32:39::SCWPlatform::DSA given C:/Users/jorda/VivadoProjects/SavedProjects/project_1a/p1aVITIS/design_1_wrapper/hw/design_1_wrapper.xsa
TRACE::2026-02-22.11:32:39::SCWPlatform::DSA absoulate path C:/Users/jorda/VivadoProjects/SavedProjects/project_1a/p1aVITIS/design_1_wrapper/hw/design_1_wrapper.xsa
TRACE::2026-02-22.11:32:39::SCWPlatform::DSA directory C:/Users/jorda/VivadoProjects/SavedProjects/project_1a/p1aVITIS/design_1_wrapper/hw
TRACE::2026-02-22.11:32:39::SCWPlatform:: Platform Path C:/Users/jorda/VivadoProjects/SavedProjects/project_1a/p1aVITIS/design_1_wrapper/hw/design_1_wrapper.xsa
TRACE::2026-02-22.11:32:39::SCWPlatform:: Unique name xilinx:zybo-z7-10::0.0
TRACE::2026-02-22.11:32:39::SCWPlatform::Trying to set the existing hwdb with name design_1_wrapper_0
TRACE::2026-02-22.11:32:39::SCWPlatform::Opened existing hwdb design_1_wrapper_0
TRACE::2026-02-22.11:32:39::SCWPlatform::Found the Hw Db part of the input DSA
TRACE::2026-02-22.11:32:39::SCWMssOS::Checking the sw design at  C:/Users/jorda/VivadoProjects/SavedProjects/project_1a/p1aVITIS/design_1_wrapper/ps7_cortexa9_0/standalone_ps7_cortexa9_0/bsp/system.mss
TRACE::2026-02-22.11:32:39::SCWMssOS::DEBUG:  swdes dump  C:/Users/jorda/VivadoProjects/SavedProjects/project_1a/p1aVITIS/design_1_wrapper/ps7_cortexa9_0/standalone_ps7_cortexa9_0/bsp/system.mss|system_0||
C:/Users/jorda/VivadoProjects/SavedProjects/project_1a/p1aVITIS/design_1_wrapper/zynq_fsbl/zynq_fsbl_bsp/system.mss|system||

TRACE::2026-02-22.11:32:39::SCWMssOS::Sw design exists and opened at  C:/Users/jorda/VivadoProjects/SavedProjects/project_1a/p1aVITIS/design_1_wrapper/ps7_cortexa9_0/standalone_ps7_cortexa9_0/bsp/system.mss
TRACE::2026-02-22.11:32:39::SCWWriter::formatted JSON is {
	"platformName":	"design_1_wrapper",
	"sprVersion":	"2.0",
	"mode":	"gui",
	"dsaType":	"Fixed",
	"platformDesc":	"design_1_wrapper",
	"platHandOff":	"C:/Users/jorda/VivadoProjects/SavedProjects/project_1a/design_1_wrapper.xsa",
	"platIntHandOff":	"<platformDir>/hw/design_1_wrapper.xsa",
	"deviceType":	"zynq",
	"platIsPrebuiltAutogen":	"false",
	"platIsNoBootBsp":	"false",
	"platFsblTarget":	"ps7_cortexa9_0",
	"hasFsblMakeHasChanges":	"false",
	"hasPmufwMakeHasChanges":	"false",
	"fsblExtraCompilerFlags":	"-MMD -MP       -mcpu=cortex-a9 -mfpu=vfpv3 -mfloat-abi=hard ",
	"platPreBuiltFlag":	false,
	"platformSamplesDir":	"",
	"platActiveSys":	"design_1_wrapper",
	"systems":	[{
			"systemName":	"design_1_wrapper",
			"systemDesc":	"design_1_wrapper",
			"sysIsBootAutoGen":	"true",
			"systemDispName":	"design_1_wrapper",
			"sysActiveDom":	"standalone_ps7_cortexa9_0",
			"sysDefaultDom":	"standalone_ps7_cortexa9_0",
			"domains":	[{
					"domainName":	"zynq_fsbl",
					"domainDispName":	"zynq_fsbl",
					"domainDesc":	"FSBL Application BSP - Auto Generated.",
					"processors":	"ps7_cortexa9_0",
					"os":	"standalone",
					"sdxOs":	"standalone",
					"debugEnable":	"",
					"domRuntimes":	["cpp"],
					"swRepo":	"",
					"mssOsVer":	"7.5",
					"mssFile":	"",
					"md5Digest":	"a3feffb343d1a570344c2ef7f5d04b75",
					"compatibleApp":	"zynq_fsbl",
					"domType":	"bootDomain",
					"arch":	"32-bit",
					"appSettings":	{
						"appCompilerFlags":	"",
						"appLinkerFlags":	""
					},
					"addedLibs":	["xilffs:4.5", "xilrsa:1.6"],
					"libOptions":	{
						"libsContainingOptions":	[]
					},
					"prebuiltLibs":	{
						"prebuiltIncPath":	[],
						"prebuiltLibPath":	[]
					},
					"isolation":	{
					}
				}, {
					"domainName":	"standalone_ps7_cortexa9_0",
					"domainDispName":	"standalone_ps7_cortexa9_0",
					"domainDesc":	"standalone_ps7_cortexa9_0",
					"processors":	"ps7_cortexa9_0",
					"os":	"standalone",
					"sdxOs":	"standalone",
					"qemuArgs":	"D:/Xilinx/Vitis/2021.1/data/emulation/platforms/zynq/sw/a9_standalone/qemu/qemu_args.txt",
					"qemuData":	"D:/Xilinx/Vitis/2021.1/data/emulation/platforms/zynq/sw/a9_standalone/qemu/",
					"debugEnable":	"False",
					"domRuntimes":	["cpp"],
					"swRepo":	"",
					"mssOsVer":	"7.5",
					"mssFile":	"",
					"md5Digest":	"a132be7a81aed72071ad60986530af3a",
					"compatibleApp":	"empty_application",
					"domType":	"mssDomain",
					"arch":	"32-bit",
					"appSettings":	{
						"appCompilerFlags":	"",
						"appLinkerFlags":	""
					},
					"addedLibs":	[],
					"libOptions":	{
						"libsContainingOptions":	[]
					},
					"prebuiltLibs":	{
						"prebuiltIncPath":	[],
						"prebuiltLibPath":	[]
					},
					"isolation":	{
					}
				}]
		}]
}
LOG::2026-02-22.11:32:39::SCWPlatform::Started generating the artifacts platform design_1_wrapper
TRACE::2026-02-22.11:32:39::SCWPlatform::Sanity checking of platform is completed
LOG::2026-02-22.11:32:39::SCWPlatform::Started generating the artifacts for system configuration design_1_wrapper
LOG::2026-02-22.11:32:39::SCWSystem::Started Processing the domain standalone_ps7_cortexa9_0
TRACE::2026-02-22.11:32:39::SCWDomain::Generating domain artifcats
TRACE::2026-02-22.11:32:39::SCWMssOS::Generating standalone artifcats
TRACE::2026-02-22.11:32:39::SCWMssOS::Copying the qemu file from  D:/Xilinx/Vitis/2021.1/data/emulation/platforms/zynq/sw/a9_standalone/qemu/qemu_args.txt To C:/Users/jorda/VivadoProjects/SavedProjects/project_1a/p1aVITIS/design_1_wrapper/export/design_1_wrapper/sw/design_1_wrapper/qemu/
TRACE::2026-02-22.11:32:39::SCWMssOS::Copying the qemu file from  D:/Xilinx/Vitis/2021.1/data/emulation/platforms/zynq/sw/a9_standalone/qemu/qemu_args.txt To C:/Users/jorda/VivadoProjects/SavedProjects/project_1a/p1aVITIS/design_1_wrapper/export/design_1_wrapper/sw/design_1_wrapper/standalone_ps7_cortexa9_0/qemu/
TRACE::2026-02-22.11:32:39::SCWMssOS:: Copying the user libraries. 
TRACE::2026-02-22.11:32:39::SCWPlatform::Trying to open the hw design at C:/Users/jorda/VivadoProjects/SavedProjects/project_1a/p1aVITIS/design_1_wrapper/hw/design_1_wrapper.xsa
TRACE::2026-02-22.11:32:39::SCWPlatform::DSA given C:/Users/jorda/VivadoProjects/SavedProjects/project_1a/p1aVITIS/design_1_wrapper/hw/design_1_wrapper.xsa
TRACE::2026-02-22.11:32:39::SCWPlatform::DSA absoulate path C:/Users/jorda/VivadoProjects/SavedProjects/project_1a/p1aVITIS/design_1_wrapper/hw/design_1_wrapper.xsa
TRACE::2026-02-22.11:32:39::SCWPlatform::DSA directory C:/Users/jorda/VivadoProjects/SavedProjects/project_1a/p1aVITIS/design_1_wrapper/hw
TRACE::2026-02-22.11:32:39::SCWPlatform:: Platform Path C:/Users/jorda/VivadoProjects/SavedProjects/project_1a/p1aVITIS/design_1_wrapper/hw/design_1_wrapper.xsa
TRACE::2026-02-22.11:32:39::SCWPlatform:: Unique name xilinx:zybo-z7-10::0.0
TRACE::2026-02-22.11:32:39::SCWPlatform::Trying to set the existing hwdb with name design_1_wrapper_0
TRACE::2026-02-22.11:32:39::SCWPlatform::Opened existing hwdb design_1_wrapper_0
TRACE::2026-02-22.11:32:39::SCWPlatform::Found the Hw Db part of the input DSA
TRACE::2026-02-22.11:32:39::SCWMssOS::Checking the sw design at  C:/Users/jorda/VivadoProjects/SavedProjects/project_1a/p1aVITIS/design_1_wrapper/ps7_cortexa9_0/standalone_ps7_cortexa9_0/bsp/system.mss
TRACE::2026-02-22.11:32:39::SCWMssOS::DEBUG:  swdes dump  C:/Users/jorda/VivadoProjects/SavedProjects/project_1a/p1aVITIS/design_1_wrapper/ps7_cortexa9_0/standalone_ps7_cortexa9_0/bsp/system.mss|system_0||
C:/Users/jorda/VivadoProjects/SavedProjects/project_1a/p1aVITIS/design_1_wrapper/zynq_fsbl/zynq_fsbl_bsp/system.mss|system||

TRACE::2026-02-22.11:32:39::SCWMssOS::Sw design exists and opened at  C:/Users/jorda/VivadoProjects/SavedProjects/project_1a/p1aVITIS/design_1_wrapper/ps7_cortexa9_0/standalone_ps7_cortexa9_0/bsp/system.mss
TRACE::2026-02-22.11:32:39::SCWMssOS::Completed writing the mss file at C:/Users/jorda/VivadoProjects/SavedProjects/project_1a/p1aVITIS/design_1_wrapper/ps7_cortexa9_0/standalone_ps7_cortexa9_0/bsp
TRACE::2026-02-22.11:32:39::SCWMssOS::Mss edits present, copying mssfile into export location C:/Users/jorda/VivadoProjects/SavedProjects/project_1a/p1aVITIS/design_1_wrapper/ps7_cortexa9_0/standalone_ps7_cortexa9_0/bsp/system.mss
TRACE::2026-02-22.11:32:39::SCWMssOS::bsp generated is upto date with the mss file. Skipping bsp generation.
TRACE::2026-02-22.11:32:39::SCWMssOS::BSP is already built. skipping the bsp build ... 
TRACE::2026-02-22.11:32:39::SCWDomain::Building the domain as part of full build :  standalone_ps7_cortexa9_0
TRACE::2026-02-22.11:32:39::SCWMssOS::skipping the bsp build ... 
TRACE::2026-02-22.11:32:39::SCWMssOS::Copying to export directory.
TRACE::2026-02-22.11:32:39::SCWMssOS:: Checking if to create the Supporting Applications
TRACE::2026-02-22.11:32:39::SCWMssOS:: No Linux domain exists, trying to generate FSBL 
TRACE::2026-02-22.11:32:39::SCWMssOS:: Completed Standalone Artifacts creation 
LOG::2026-02-22.11:32:39::SCWSystem::Completed Processing the domain standalone_ps7_cortexa9_0
LOG::2026-02-22.11:32:39::SCWSystem::Completed Processing the sysconfig design_1_wrapper
LOG::2026-02-22.11:32:39::SCWPlatform::Completed generating the artifacts for system configuration design_1_wrapper
TRACE::2026-02-22.11:32:39::SCWPlatform::Started preparing the platform 
TRACE::2026-02-22.11:32:39::SCWSystem::Writing the bif file for system config design_1_wrapper
TRACE::2026-02-22.11:32:39::SCWSystem::dir created 
TRACE::2026-02-22.11:32:39::SCWSystem::Writing the bif 
TRACE::2026-02-22.11:32:39::SCWPlatform::Started writing the spfm file 
TRACE::2026-02-22.11:32:39::SCWPlatform::Started writing the xpfm file 
TRACE::2026-02-22.11:32:39::SCWPlatform::Completed generating the platform
TRACE::2026-02-22.11:32:39::SCWMssOS::Saving the mss changes C:/Users/jorda/VivadoProjects/SavedProjects/project_1a/p1aVITIS/design_1_wrapper/zynq_fsbl/zynq_fsbl_bsp/system.mss
TRACE::2026-02-22.11:32:39::SCWMssOS::Found a swdesign opened with the mssfile.
TRACE::2026-02-22.11:32:39::SCWMssOS::Completed writemss as part of save.
TRACE::2026-02-22.11:32:39::SCWMssOS::Commit changes completed.
TRACE::2026-02-22.11:32:39::SCWMssOS::Saving the mss changes C:/Users/jorda/VivadoProjects/SavedProjects/project_1a/p1aVITIS/design_1_wrapper/ps7_cortexa9_0/standalone_ps7_cortexa9_0/bsp/system.mss
TRACE::2026-02-22.11:32:39::SCWMssOS::Found a swdesign opened with the mssfile.
TRACE::2026-02-22.11:32:39::SCWMssOS::Completed writemss as part of save.
TRACE::2026-02-22.11:32:39::SCWMssOS::Commit changes completed.
TRACE::2026-02-22.11:32:39::SCWPlatform::Trying to open the hw design at C:/Users/jorda/VivadoProjects/SavedProjects/project_1a/p1aVITIS/design_1_wrapper/hw/design_1_wrapper.xsa
TRACE::2026-02-22.11:32:39::SCWPlatform::DSA given C:/Users/jorda/VivadoProjects/SavedProjects/project_1a/p1aVITIS/design_1_wrapper/hw/design_1_wrapper.xsa
TRACE::2026-02-22.11:32:39::SCWPlatform::DSA absoulate path C:/Users/jorda/VivadoProjects/SavedProjects/project_1a/p1aVITIS/design_1_wrapper/hw/design_1_wrapper.xsa
TRACE::2026-02-22.11:32:39::SCWPlatform::DSA directory C:/Users/jorda/VivadoProjects/SavedProjects/project_1a/p1aVITIS/design_1_wrapper/hw
TRACE::2026-02-22.11:32:39::SCWPlatform:: Platform Path C:/Users/jorda/VivadoProjects/SavedProjects/project_1a/p1aVITIS/design_1_wrapper/hw/design_1_wrapper.xsa
TRACE::2026-02-22.11:32:39::SCWPlatform:: Unique name xilinx:zybo-z7-10::0.0
TRACE::2026-02-22.11:32:39::SCWPlatform::Trying to set the existing hwdb with name design_1_wrapper_0
TRACE::2026-02-22.11:32:39::SCWPlatform::Opened existing hwdb design_1_wrapper_0
TRACE::2026-02-22.11:32:39::SCWPlatform::Found the Hw Db part of the input DSA
TRACE::2026-02-22.11:32:39::SCWMssOS::Checking the sw design at  C:/Users/jorda/VivadoProjects/SavedProjects/project_1a/p1aVITIS/design_1_wrapper/zynq_fsbl/zynq_fsbl_bsp/system.mss
TRACE::2026-02-22.11:32:39::SCWMssOS::DEBUG:  swdes dump  C:/Users/jorda/VivadoProjects/SavedProjects/project_1a/p1aVITIS/design_1_wrapper/ps7_cortexa9_0/standalone_ps7_cortexa9_0/bsp/system.mss|system_0||
C:/Users/jorda/VivadoProjects/SavedProjects/project_1a/p1aVITIS/design_1_wrapper/zynq_fsbl/zynq_fsbl_bsp/system.mss|system||

TRACE::2026-02-22.11:32:39::SCWMssOS::Sw design exists and opened at  C:/Users/jorda/VivadoProjects/SavedProjects/project_1a/p1aVITIS/design_1_wrapper/zynq_fsbl/zynq_fsbl_bsp/system.mss
TRACE::2026-02-22.11:32:39::SCWPlatform::Trying to open the hw design at C:/Users/jorda/VivadoProjects/SavedProjects/project_1a/p1aVITIS/design_1_wrapper/hw/design_1_wrapper.xsa
TRACE::2026-02-22.11:32:39::SCWPlatform::DSA given C:/Users/jorda/VivadoProjects/SavedProjects/project_1a/p1aVITIS/design_1_wrapper/hw/design_1_wrapper.xsa
TRACE::2026-02-22.11:32:39::SCWPlatform::DSA absoulate path C:/Users/jorda/VivadoProjects/SavedProjects/project_1a/p1aVITIS/design_1_wrapper/hw/design_1_wrapper.xsa
TRACE::2026-02-22.11:32:39::SCWPlatform::DSA directory C:/Users/jorda/VivadoProjects/SavedProjects/project_1a/p1aVITIS/design_1_wrapper/hw
TRACE::2026-02-22.11:32:39::SCWPlatform:: Platform Path C:/Users/jorda/VivadoProjects/SavedProjects/project_1a/p1aVITIS/design_1_wrapper/hw/design_1_wrapper.xsa
TRACE::2026-02-22.11:32:39::SCWPlatform:: Unique name xilinx:zybo-z7-10::0.0
TRACE::2026-02-22.11:32:39::SCWPlatform::Trying to set the existing hwdb with name design_1_wrapper_0
TRACE::2026-02-22.11:32:39::SCWPlatform::Opened existing hwdb design_1_wrapper_0
TRACE::2026-02-22.11:32:39::SCWPlatform::Found the Hw Db part of the input DSA
TRACE::2026-02-22.11:32:39::SCWMssOS::Checking the sw design at  C:/Users/jorda/VivadoProjects/SavedProjects/project_1a/p1aVITIS/design_1_wrapper/zynq_fsbl/zynq_fsbl_bsp/system.mss
TRACE::2026-02-22.11:32:39::SCWMssOS::DEBUG:  swdes dump  C:/Users/jorda/VivadoProjects/SavedProjects/project_1a/p1aVITIS/design_1_wrapper/ps7_cortexa9_0/standalone_ps7_cortexa9_0/bsp/system.mss|system_0||
C:/Users/jorda/VivadoProjects/SavedProjects/project_1a/p1aVITIS/design_1_wrapper/zynq_fsbl/zynq_fsbl_bsp/system.mss|system||

TRACE::2026-02-22.11:32:39::SCWMssOS::Sw design exists and opened at  C:/Users/jorda/VivadoProjects/SavedProjects/project_1a/p1aVITIS/design_1_wrapper/zynq_fsbl/zynq_fsbl_bsp/system.mss
TRACE::2026-02-22.11:32:39::SCWPlatform::Trying to open the hw design at C:/Users/jorda/VivadoProjects/SavedProjects/project_1a/p1aVITIS/design_1_wrapper/hw/design_1_wrapper.xsa
TRACE::2026-02-22.11:32:39::SCWPlatform::DSA given C:/Users/jorda/VivadoProjects/SavedProjects/project_1a/p1aVITIS/design_1_wrapper/hw/design_1_wrapper.xsa
TRACE::2026-02-22.11:32:39::SCWPlatform::DSA absoulate path C:/Users/jorda/VivadoProjects/SavedProjects/project_1a/p1aVITIS/design_1_wrapper/hw/design_1_wrapper.xsa
TRACE::2026-02-22.11:32:39::SCWPlatform::DSA directory C:/Users/jorda/VivadoProjects/SavedProjects/project_1a/p1aVITIS/design_1_wrapper/hw
TRACE::2026-02-22.11:32:39::SCWPlatform:: Platform Path C:/Users/jorda/VivadoProjects/SavedProjects/project_1a/p1aVITIS/design_1_wrapper/hw/design_1_wrapper.xsa
TRACE::2026-02-22.11:32:39::SCWPlatform:: Unique name xilinx:zybo-z7-10::0.0
TRACE::2026-02-22.11:32:39::SCWPlatform::Trying to set the existing hwdb with name design_1_wrapper_0
TRACE::2026-02-22.11:32:39::SCWPlatform::Opened existing hwdb design_1_wrapper_0
TRACE::2026-02-22.11:32:39::SCWPlatform::Found the Hw Db part of the input DSA
TRACE::2026-02-22.11:32:39::SCWMssOS::Checking the sw design at  C:/Users/jorda/VivadoProjects/SavedProjects/project_1a/p1aVITIS/design_1_wrapper/zynq_fsbl/zynq_fsbl_bsp/system.mss
TRACE::2026-02-22.11:32:39::SCWMssOS::DEBUG:  swdes dump  C:/Users/jorda/VivadoProjects/SavedProjects/project_1a/p1aVITIS/design_1_wrapper/ps7_cortexa9_0/standalone_ps7_cortexa9_0/bsp/system.mss|system_0||
C:/Users/jorda/VivadoProjects/SavedProjects/project_1a/p1aVITIS/design_1_wrapper/zynq_fsbl/zynq_fsbl_bsp/system.mss|system||

TRACE::2026-02-22.11:32:39::SCWMssOS::Sw design exists and opened at  C:/Users/jorda/VivadoProjects/SavedProjects/project_1a/p1aVITIS/design_1_wrapper/zynq_fsbl/zynq_fsbl_bsp/system.mss
TRACE::2026-02-22.11:32:39::SCWPlatform::Trying to open the hw design at C:/Users/jorda/VivadoProjects/SavedProjects/project_1a/p1aVITIS/design_1_wrapper/hw/design_1_wrapper.xsa
TRACE::2026-02-22.11:32:39::SCWPlatform::DSA given C:/Users/jorda/VivadoProjects/SavedProjects/project_1a/p1aVITIS/design_1_wrapper/hw/design_1_wrapper.xsa
TRACE::2026-02-22.11:32:39::SCWPlatform::DSA absoulate path C:/Users/jorda/VivadoProjects/SavedProjects/project_1a/p1aVITIS/design_1_wrapper/hw/design_1_wrapper.xsa
TRACE::2026-02-22.11:32:39::SCWPlatform::DSA directory C:/Users/jorda/VivadoProjects/SavedProjects/project_1a/p1aVITIS/design_1_wrapper/hw
TRACE::2026-02-22.11:32:39::SCWPlatform:: Platform Path C:/Users/jorda/VivadoProjects/SavedProjects/project_1a/p1aVITIS/design_1_wrapper/hw/design_1_wrapper.xsa
TRACE::2026-02-22.11:32:39::SCWPlatform:: Unique name xilinx:zybo-z7-10::0.0
TRACE::2026-02-22.11:32:39::SCWPlatform::Trying to set the existing hwdb with name design_1_wrapper_0
TRACE::2026-02-22.11:32:39::SCWPlatform::Opened existing hwdb design_1_wrapper_0
TRACE::2026-02-22.11:32:39::SCWPlatform::Found the Hw Db part of the input DSA
TRACE::2026-02-22.11:32:39::SCWMssOS::Checking the sw design at  C:/Users/jorda/VivadoProjects/SavedProjects/project_1a/p1aVITIS/design_1_wrapper/ps7_cortexa9_0/standalone_ps7_cortexa9_0/bsp/system.mss
TRACE::2026-02-22.11:32:39::SCWMssOS::DEBUG:  swdes dump  C:/Users/jorda/VivadoProjects/SavedProjects/project_1a/p1aVITIS/design_1_wrapper/ps7_cortexa9_0/standalone_ps7_cortexa9_0/bsp/system.mss|system_0||
C:/Users/jorda/VivadoProjects/SavedProjects/project_1a/p1aVITIS/design_1_wrapper/zynq_fsbl/zynq_fsbl_bsp/system.mss|system||

TRACE::2026-02-22.11:32:39::SCWMssOS::Sw design exists and opened at  C:/Users/jorda/VivadoProjects/SavedProjects/project_1a/p1aVITIS/design_1_wrapper/ps7_cortexa9_0/standalone_ps7_cortexa9_0/bsp/system.mss
TRACE::2026-02-22.11:32:39::SCWPlatform::Trying to open the hw design at C:/Users/jorda/VivadoProjects/SavedProjects/project_1a/p1aVITIS/design_1_wrapper/hw/design_1_wrapper.xsa
TRACE::2026-02-22.11:32:39::SCWPlatform::DSA given C:/Users/jorda/VivadoProjects/SavedProjects/project_1a/p1aVITIS/design_1_wrapper/hw/design_1_wrapper.xsa
TRACE::2026-02-22.11:32:39::SCWPlatform::DSA absoulate path C:/Users/jorda/VivadoProjects/SavedProjects/project_1a/p1aVITIS/design_1_wrapper/hw/design_1_wrapper.xsa
TRACE::2026-02-22.11:32:39::SCWPlatform::DSA directory C:/Users/jorda/VivadoProjects/SavedProjects/project_1a/p1aVITIS/design_1_wrapper/hw
TRACE::2026-02-22.11:32:39::SCWPlatform:: Platform Path C:/Users/jorda/VivadoProjects/SavedProjects/project_1a/p1aVITIS/design_1_wrapper/hw/design_1_wrapper.xsa
TRACE::2026-02-22.11:32:39::SCWPlatform:: Unique name xilinx:zybo-z7-10::0.0
TRACE::2026-02-22.11:32:39::SCWPlatform::Trying to set the existing hwdb with name design_1_wrapper_0
TRACE::2026-02-22.11:32:39::SCWPlatform::Opened existing hwdb design_1_wrapper_0
TRACE::2026-02-22.11:32:39::SCWPlatform::Found the Hw Db part of the input DSA
TRACE::2026-02-22.11:32:39::SCWMssOS::Checking the sw design at  C:/Users/jorda/VivadoProjects/SavedProjects/project_1a/p1aVITIS/design_1_wrapper/ps7_cortexa9_0/standalone_ps7_cortexa9_0/bsp/system.mss
TRACE::2026-02-22.11:32:39::SCWMssOS::DEBUG:  swdes dump  C:/Users/jorda/VivadoProjects/SavedProjects/project_1a/p1aVITIS/design_1_wrapper/ps7_cortexa9_0/standalone_ps7_cortexa9_0/bsp/system.mss|system_0||
C:/Users/jorda/VivadoProjects/SavedProjects/project_1a/p1aVITIS/design_1_wrapper/zynq_fsbl/zynq_fsbl_bsp/system.mss|system||

TRACE::2026-02-22.11:32:39::SCWMssOS::Sw design exists and opened at  C:/Users/jorda/VivadoProjects/SavedProjects/project_1a/p1aVITIS/design_1_wrapper/ps7_cortexa9_0/standalone_ps7_cortexa9_0/bsp/system.mss
TRACE::2026-02-22.11:32:39::SCWPlatform::Trying to open the hw design at C:/Users/jorda/VivadoProjects/SavedProjects/project_1a/p1aVITIS/design_1_wrapper/hw/design_1_wrapper.xsa
TRACE::2026-02-22.11:32:39::SCWPlatform::DSA given C:/Users/jorda/VivadoProjects/SavedProjects/project_1a/p1aVITIS/design_1_wrapper/hw/design_1_wrapper.xsa
TRACE::2026-02-22.11:32:39::SCWPlatform::DSA absoulate path C:/Users/jorda/VivadoProjects/SavedProjects/project_1a/p1aVITIS/design_1_wrapper/hw/design_1_wrapper.xsa
TRACE::2026-02-22.11:32:39::SCWPlatform::DSA directory C:/Users/jorda/VivadoProjects/SavedProjects/project_1a/p1aVITIS/design_1_wrapper/hw
TRACE::2026-02-22.11:32:39::SCWPlatform:: Platform Path C:/Users/jorda/VivadoProjects/SavedProjects/project_1a/p1aVITIS/design_1_wrapper/hw/design_1_wrapper.xsa
TRACE::2026-02-22.11:32:39::SCWPlatform:: Unique name xilinx:zybo-z7-10::0.0
TRACE::2026-02-22.11:32:39::SCWPlatform::Trying to set the existing hwdb with name design_1_wrapper_0
TRACE::2026-02-22.11:32:39::SCWPlatform::Opened existing hwdb design_1_wrapper_0
TRACE::2026-02-22.11:32:39::SCWPlatform::Found the Hw Db part of the input DSA
TRACE::2026-02-22.11:32:39::SCWMssOS::Checking the sw design at  C:/Users/jorda/VivadoProjects/SavedProjects/project_1a/p1aVITIS/design_1_wrapper/ps7_cortexa9_0/standalone_ps7_cortexa9_0/bsp/system.mss
TRACE::2026-02-22.11:32:39::SCWMssOS::DEBUG:  swdes dump  C:/Users/jorda/VivadoProjects/SavedProjects/project_1a/p1aVITIS/design_1_wrapper/ps7_cortexa9_0/standalone_ps7_cortexa9_0/bsp/system.mss|system_0||
C:/Users/jorda/VivadoProjects/SavedProjects/project_1a/p1aVITIS/design_1_wrapper/zynq_fsbl/zynq_fsbl_bsp/system.mss|system||

TRACE::2026-02-22.11:32:39::SCWMssOS::Sw design exists and opened at  C:/Users/jorda/VivadoProjects/SavedProjects/project_1a/p1aVITIS/design_1_wrapper/ps7_cortexa9_0/standalone_ps7_cortexa9_0/bsp/system.mss
TRACE::2026-02-22.11:32:39::SCWWriter::formatted JSON is {
	"platformName":	"design_1_wrapper",
	"sprVersion":	"2.0",
	"mode":	"gui",
	"dsaType":	"Fixed",
	"platformDesc":	"design_1_wrapper",
	"platHandOff":	"C:/Users/jorda/VivadoProjects/SavedProjects/project_1a/design_1_wrapper.xsa",
	"platIntHandOff":	"<platformDir>/hw/design_1_wrapper.xsa",
	"deviceType":	"zynq",
	"platIsPrebuiltAutogen":	"false",
	"platIsNoBootBsp":	"false",
	"platFsblTarget":	"ps7_cortexa9_0",
	"hasFsblMakeHasChanges":	"false",
	"hasPmufwMakeHasChanges":	"false",
	"fsblExtraCompilerFlags":	"-MMD -MP       -mcpu=cortex-a9 -mfpu=vfpv3 -mfloat-abi=hard ",
	"platPreBuiltFlag":	false,
	"platformSamplesDir":	"",
	"platActiveSys":	"design_1_wrapper",
	"systems":	[{
			"systemName":	"design_1_wrapper",
			"systemDesc":	"design_1_wrapper",
			"sysIsBootAutoGen":	"true",
			"systemDispName":	"design_1_wrapper",
			"sysActiveDom":	"standalone_ps7_cortexa9_0",
			"sysDefaultDom":	"standalone_ps7_cortexa9_0",
			"domains":	[{
					"domainName":	"zynq_fsbl",
					"domainDispName":	"zynq_fsbl",
					"domainDesc":	"FSBL Application BSP - Auto Generated.",
					"processors":	"ps7_cortexa9_0",
					"os":	"standalone",
					"sdxOs":	"standalone",
					"debugEnable":	"",
					"domRuntimes":	["cpp"],
					"swRepo":	"",
					"mssOsVer":	"7.5",
					"mssFile":	"",
					"md5Digest":	"a3feffb343d1a570344c2ef7f5d04b75",
					"compatibleApp":	"zynq_fsbl",
					"domType":	"bootDomain",
					"arch":	"32-bit",
					"appSettings":	{
						"appCompilerFlags":	"",
						"appLinkerFlags":	""
					},
					"addedLibs":	["xilffs:4.5", "xilrsa:1.6"],
					"libOptions":	{
						"libsContainingOptions":	[]
					},
					"prebuiltLibs":	{
						"prebuiltIncPath":	[],
						"prebuiltLibPath":	[]
					},
					"isolation":	{
					}
				}, {
					"domainName":	"standalone_ps7_cortexa9_0",
					"domainDispName":	"standalone_ps7_cortexa9_0",
					"domainDesc":	"standalone_ps7_cortexa9_0",
					"processors":	"ps7_cortexa9_0",
					"os":	"standalone",
					"sdxOs":	"standalone",
					"qemuArgs":	"D:/Xilinx/Vitis/2021.1/data/emulation/platforms/zynq/sw/a9_standalone/qemu/qemu_args.txt",
					"qemuData":	"D:/Xilinx/Vitis/2021.1/data/emulation/platforms/zynq/sw/a9_standalone/qemu/",
					"debugEnable":	"False",
					"domRuntimes":	["cpp"],
					"swRepo":	"",
					"mssOsVer":	"7.5",
					"mssFile":	"",
					"md5Digest":	"a132be7a81aed72071ad60986530af3a",
					"compatibleApp":	"empty_application",
					"domType":	"mssDomain",
					"arch":	"32-bit",
					"appSettings":	{
						"appCompilerFlags":	"",
						"appLinkerFlags":	""
					},
					"addedLibs":	[],
					"libOptions":	{
						"libsContainingOptions":	[]
					},
					"prebuiltLibs":	{
						"prebuiltIncPath":	[],
						"prebuiltLibPath":	[]
					},
					"isolation":	{
					}
				}]
		}]
}
KEYINFO::2026-02-22.11:32:39::SCWPlatform::updated the xpfm file.
LOG::2026-02-22.11:34:21::SCWPlatform::Started generating the artifacts platform design_1_wrapper
TRACE::2026-02-22.11:34:21::SCWPlatform::Sanity checking of platform is completed
LOG::2026-02-22.11:34:21::SCWPlatform::Started generating the artifacts for system configuration design_1_wrapper
LOG::2026-02-22.11:34:21::SCWSystem::Checking the domain zynq_fsbl
LOG::2026-02-22.11:34:21::SCWSystem::Doing application build for :  zynq_fsbl
TRACE::2026-02-22.11:34:21::SCWBDomain::Not a forced makefile updation, No changes are present. 
TRACE::2026-02-22.11:34:21::SCWDomain::Building the domain as part of full build :  zynq_fsbl
TRACE::2026-02-22.11:34:21::SCWPlatform::Trying to open the hw design at C:/Users/jorda/VivadoProjects/SavedProjects/project_1a/p1aVITIS/design_1_wrapper/hw/design_1_wrapper.xsa
TRACE::2026-02-22.11:34:21::SCWPlatform::DSA given C:/Users/jorda/VivadoProjects/SavedProjects/project_1a/p1aVITIS/design_1_wrapper/hw/design_1_wrapper.xsa
TRACE::2026-02-22.11:34:21::SCWPlatform::DSA absoulate path C:/Users/jorda/VivadoProjects/SavedProjects/project_1a/p1aVITIS/design_1_wrapper/hw/design_1_wrapper.xsa
TRACE::2026-02-22.11:34:21::SCWPlatform::DSA directory C:/Users/jorda/VivadoProjects/SavedProjects/project_1a/p1aVITIS/design_1_wrapper/hw
TRACE::2026-02-22.11:34:21::SCWPlatform:: Platform Path C:/Users/jorda/VivadoProjects/SavedProjects/project_1a/p1aVITIS/design_1_wrapper/hw/design_1_wrapper.xsa
TRACE::2026-02-22.11:34:21::SCWPlatform:: Unique name xilinx:zybo-z7-10::0.0
TRACE::2026-02-22.11:34:21::SCWPlatform::Trying to set the existing hwdb with name design_1_wrapper_0
TRACE::2026-02-22.11:34:21::SCWPlatform::Opened existing hwdb design_1_wrapper_0
TRACE::2026-02-22.11:34:21::SCWPlatform::Found the Hw Db part of the input DSA
TRACE::2026-02-22.11:34:21::SCWMssOS::Checking the sw design at  C:/Users/jorda/VivadoProjects/SavedProjects/project_1a/p1aVITIS/design_1_wrapper/zynq_fsbl/zynq_fsbl_bsp/system.mss
TRACE::2026-02-22.11:34:21::SCWMssOS::DEBUG:  swdes dump  C:/Users/jorda/VivadoProjects/SavedProjects/project_1a/p1aVITIS/design_1_wrapper/ps7_cortexa9_0/standalone_ps7_cortexa9_0/bsp/system.mss|system_0||
C:/Users/jorda/VivadoProjects/SavedProjects/project_1a/p1aVITIS/design_1_wrapper/zynq_fsbl/zynq_fsbl_bsp/system.mss|system||

TRACE::2026-02-22.11:34:21::SCWMssOS::Sw design exists and opened at  C:/Users/jorda/VivadoProjects/SavedProjects/project_1a/p1aVITIS/design_1_wrapper/zynq_fsbl/zynq_fsbl_bsp/system.mss
TRACE::2026-02-22.11:34:21::SCWBDomain::Completed writing the mss file at C:/Users/jorda/VivadoProjects/SavedProjects/project_1a/p1aVITIS/design_1_wrapper/zynq_fsbl/zynq_fsbl_bsp
TRACE::2026-02-22.11:34:21::SCWBDomain::bsp generated is upto date with the mss file. Skipping bsp generation.
TRACE::2026-02-22.11:34:21::SCWBDomain::Not a forced makefile updation, No changes are present. 
TRACE::2026-02-22.11:34:21::SCWBDomain::System Command Ran  C:&  cd  C:/Users/jorda/VivadoProjects/SavedProjects/project_1a/p1aVITIS/design_1_wrapper/zynq_fsbl& make -C  zynq_fsbl_bsp & make 
TRACE::2026-02-22.11:34:21::SCWBDomain::make: Entering directory 'C:/Users/jorda/VivadoProjects/SavedProjects/project_1a/p1aVITIS/design_1_wrapper/zynq_fsbl/zynq_fsbl_
TRACE::2026-02-22.11:34:21::SCWBDomain::bsp'

TRACE::2026-02-22.11:34:21::SCWBDomain::make --no-print-directory seq_libs

TRACE::2026-02-22.11:34:21::SCWBDomain::"Running Make include in ps7_cortexa9_0/libsrc/AUP_advanced_SoC_v1_0/src"

TRACE::2026-02-22.11:34:21::SCWBDomain::make -C ps7_cortexa9_0/libsrc/AUP_advanced_SoC_v1_0/src -s include  "SHELL=CMD" "COMPILER=arm-none-eabi-gcc" "ASSEMBLER=arm-non
TRACE::2026-02-22.11:34:21::SCWBDomain::e-eabi-as" "ARCHIVER=arm-none-eabi-ar" "COMPILER_FLAGS=  -O2 -c" "EXTRA_COMPILER_FLAGS=-mcpu=cortex-a9 -mfpu=vfpv3 -mfloat-abi=
TRACE::2026-02-22.11:34:21::SCWBDomain::hard -nostartfiles -g -Wall -Wextra -fno-tree-loop-distribute-patterns"

TRACE::2026-02-22.11:34:21::SCWBDomain::"Running Make include in ps7_cortexa9_0/libsrc/coresightps_dcc_v1_8/src"

TRACE::2026-02-22.11:34:21::SCWBDomain::make -C ps7_cortexa9_0/libsrc/coresightps_dcc_v1_8/src -s include  "SHELL=CMD" "COMPILER=arm-none-eabi-gcc" "ASSEMBLER=arm-none
TRACE::2026-02-22.11:34:21::SCWBDomain::-eabi-as" "ARCHIVER=arm-none-eabi-ar" "COMPILER_FLAGS=  -O2 -c" "EXTRA_COMPILER_FLAGS=-mcpu=cortex-a9 -mfpu=vfpv3 -mfloat-abi=h
TRACE::2026-02-22.11:34:21::SCWBDomain::ard -nostartfiles -g -Wall -Wextra -fno-tree-loop-distribute-patterns"

TRACE::2026-02-22.11:34:21::SCWBDomain::"Running Make include in ps7_cortexa9_0/libsrc/cpu_cortexa9_v2_11/src"

TRACE::2026-02-22.11:34:21::SCWBDomain::make -C ps7_cortexa9_0/libsrc/cpu_cortexa9_v2_11/src -s include  "SHELL=CMD" "COMPILER=arm-none-eabi-gcc" "ASSEMBLER=arm-none-e
TRACE::2026-02-22.11:34:21::SCWBDomain::abi-as" "ARCHIVER=arm-none-eabi-ar" "COMPILER_FLAGS=  -O2 -c" "EXTRA_COMPILER_FLAGS=-mcpu=cortex-a9 -mfpu=vfpv3 -mfloat-abi=har
TRACE::2026-02-22.11:34:21::SCWBDomain::d -nostartfiles -g -Wall -Wextra -fno-tree-loop-distribute-patterns"

TRACE::2026-02-22.11:34:21::SCWBDomain::"Running Make include in ps7_cortexa9_0/libsrc/ddrps_v1_2/src"

TRACE::2026-02-22.11:34:21::SCWBDomain::make -C ps7_cortexa9_0/libsrc/ddrps_v1_2/src -s include  "SHELL=CMD" "COMPILER=arm-none-eabi-gcc" "ASSEMBLER=arm-none-eabi-as" 
TRACE::2026-02-22.11:34:21::SCWBDomain::"ARCHIVER=arm-none-eabi-ar" "COMPILER_FLAGS=  -O2 -c" "EXTRA_COMPILER_FLAGS=-mcpu=cortex-a9 -mfpu=vfpv3 -mfloat-abi=hard -nosta
TRACE::2026-02-22.11:34:21::SCWBDomain::rtfiles -g -Wall -Wextra -fno-tree-loop-distribute-patterns"

TRACE::2026-02-22.11:34:21::SCWBDomain::"Running Make include in ps7_cortexa9_0/libsrc/devcfg_v3_7/src"

TRACE::2026-02-22.11:34:21::SCWBDomain::make -C ps7_cortexa9_0/libsrc/devcfg_v3_7/src -s include  "SHELL=CMD" "COMPILER=arm-none-eabi-gcc" "ASSEMBLER=arm-none-eabi-as"
TRACE::2026-02-22.11:34:21::SCWBDomain:: "ARCHIVER=arm-none-eabi-ar" "COMPILER_FLAGS=  -O2 -c" "EXTRA_COMPILER_FLAGS=-mcpu=cortex-a9 -mfpu=vfpv3 -mfloat-abi=hard -nost
TRACE::2026-02-22.11:34:21::SCWBDomain::artfiles -g -Wall -Wextra -fno-tree-loop-distribute-patterns"

TRACE::2026-02-22.11:34:21::SCWBDomain::"Running Make include in ps7_cortexa9_0/libsrc/dmaps_v2_8/src"

TRACE::2026-02-22.11:34:21::SCWBDomain::make -C ps7_cortexa9_0/libsrc/dmaps_v2_8/src -s include  "SHELL=CMD" "COMPILER=arm-none-eabi-gcc" "ASSEMBLER=arm-none-eabi-as" 
TRACE::2026-02-22.11:34:21::SCWBDomain::"ARCHIVER=arm-none-eabi-ar" "COMPILER_FLAGS=  -O2 -c" "EXTRA_COMPILER_FLAGS=-mcpu=cortex-a9 -mfpu=vfpv3 -mfloat-abi=hard -nosta
TRACE::2026-02-22.11:34:21::SCWBDomain::rtfiles -g -Wall -Wextra -fno-tree-loop-distribute-patterns"

TRACE::2026-02-22.11:34:21::SCWBDomain::"Running Make include in ps7_cortexa9_0/libsrc/emacps_v3_14/src"

TRACE::2026-02-22.11:34:21::SCWBDomain::make -C ps7_cortexa9_0/libsrc/emacps_v3_14/src -s include  "SHELL=CMD" "COMPILER=arm-none-eabi-gcc" "ASSEMBLER=arm-none-eabi-as
TRACE::2026-02-22.11:34:21::SCWBDomain::" "ARCHIVER=arm-none-eabi-ar" "COMPILER_FLAGS=  -O2 -c" "EXTRA_COMPILER_FLAGS=-mcpu=cortex-a9 -mfpu=vfpv3 -mfloat-abi=hard -nos
TRACE::2026-02-22.11:34:21::SCWBDomain::tartfiles -g -Wall -Wextra -fno-tree-loop-distribute-patterns"

TRACE::2026-02-22.11:34:21::SCWBDomain::"Running Make include in ps7_cortexa9_0/libsrc/gpiops_v3_9/src"

TRACE::2026-02-22.11:34:21::SCWBDomain::make -C ps7_cortexa9_0/libsrc/gpiops_v3_9/src -s include  "SHELL=CMD" "COMPILER=arm-none-eabi-gcc" "ASSEMBLER=arm-none-eabi-as"
TRACE::2026-02-22.11:34:21::SCWBDomain:: "ARCHIVER=arm-none-eabi-ar" "COMPILER_FLAGS=  -O2 -c" "EXTRA_COMPILER_FLAGS=-mcpu=cortex-a9 -mfpu=vfpv3 -mfloat-abi=hard -nost
TRACE::2026-02-22.11:34:21::SCWBDomain::artfiles -g -Wall -Wextra -fno-tree-loop-distribute-patterns"

TRACE::2026-02-22.11:34:21::SCWBDomain::"Running Make include in ps7_cortexa9_0/libsrc/qspips_v3_9/src"

TRACE::2026-02-22.11:34:21::SCWBDomain::make -C ps7_cortexa9_0/libsrc/qspips_v3_9/src -s include  "SHELL=CMD" "COMPILER=arm-none-eabi-gcc" "ASSEMBLER=arm-none-eabi-as"
TRACE::2026-02-22.11:34:21::SCWBDomain:: "ARCHIVER=arm-none-eabi-ar" "COMPILER_FLAGS=  -O2 -c" "EXTRA_COMPILER_FLAGS=-mcpu=cortex-a9 -mfpu=vfpv3 -mfloat-abi=hard -nost
TRACE::2026-02-22.11:34:21::SCWBDomain::artfiles -g -Wall -Wextra -fno-tree-loop-distribute-patterns"

TRACE::2026-02-22.11:34:21::SCWBDomain::"Running Make include in ps7_cortexa9_0/libsrc/scugic_v4_5/src"

TRACE::2026-02-22.11:34:21::SCWBDomain::make -C ps7_cortexa9_0/libsrc/scugic_v4_5/src -s include  "SHELL=CMD" "COMPILER=arm-none-eabi-gcc" "ASSEMBLER=arm-none-eabi-as"
TRACE::2026-02-22.11:34:21::SCWBDomain:: "ARCHIVER=arm-none-eabi-ar" "COMPILER_FLAGS=  -O2 -c" "EXTRA_COMPILER_FLAGS=-mcpu=cortex-a9 -mfpu=vfpv3 -mfloat-abi=hard -nost
TRACE::2026-02-22.11:34:21::SCWBDomain::artfiles -g -Wall -Wextra -fno-tree-loop-distribute-patterns"

TRACE::2026-02-22.11:34:21::SCWBDomain::"Running Make include in ps7_cortexa9_0/libsrc/scutimer_v2_3/src"

TRACE::2026-02-22.11:34:21::SCWBDomain::make -C ps7_cortexa9_0/libsrc/scutimer_v2_3/src -s include  "SHELL=CMD" "COMPILER=arm-none-eabi-gcc" "ASSEMBLER=arm-none-eabi-a
TRACE::2026-02-22.11:34:21::SCWBDomain::s" "ARCHIVER=arm-none-eabi-ar" "COMPILER_FLAGS=  -O2 -c" "EXTRA_COMPILER_FLAGS=-mcpu=cortex-a9 -mfpu=vfpv3 -mfloat-abi=hard -no
TRACE::2026-02-22.11:34:21::SCWBDomain::startfiles -g -Wall -Wextra -fno-tree-loop-distribute-patterns"

TRACE::2026-02-22.11:34:22::SCWBDomain::"Running Make include in ps7_cortexa9_0/libsrc/scuwdt_v2_4/src"

TRACE::2026-02-22.11:34:22::SCWBDomain::make -C ps7_cortexa9_0/libsrc/scuwdt_v2_4/src -s include  "SHELL=CMD" "COMPILER=arm-none-eabi-gcc" "ASSEMBLER=arm-none-eabi-as"
TRACE::2026-02-22.11:34:22::SCWBDomain:: "ARCHIVER=arm-none-eabi-ar" "COMPILER_FLAGS=  -O2 -c" "EXTRA_COMPILER_FLAGS=-mcpu=cortex-a9 -mfpu=vfpv3 -mfloat-abi=hard -nost
TRACE::2026-02-22.11:34:22::SCWBDomain::artfiles -g -Wall -Wextra -fno-tree-loop-distribute-patterns"

TRACE::2026-02-22.11:34:22::SCWBDomain::"Running Make include in ps7_cortexa9_0/libsrc/sdps_v3_12/src"

TRACE::2026-02-22.11:34:22::SCWBDomain::make -C ps7_cortexa9_0/libsrc/sdps_v3_12/src -s include  "SHELL=CMD" "COMPILER=arm-none-eabi-gcc" "ASSEMBLER=arm-none-eabi-as" 
TRACE::2026-02-22.11:34:22::SCWBDomain::"ARCHIVER=arm-none-eabi-ar" "COMPILER_FLAGS=  -O2 -c" "EXTRA_COMPILER_FLAGS=-mcpu=cortex-a9 -mfpu=vfpv3 -mfloat-abi=hard -nosta
TRACE::2026-02-22.11:34:22::SCWBDomain::rtfiles -g -Wall -Wextra -fno-tree-loop-distribute-patterns"

TRACE::2026-02-22.11:34:22::SCWBDomain::"Running Make include in ps7_cortexa9_0/libsrc/standalone_v7_5/src"

TRACE::2026-02-22.11:34:22::SCWBDomain::make -C ps7_cortexa9_0/libsrc/standalone_v7_5/src -s include  "SHELL=CMD" "COMPILER=arm-none-eabi-gcc" "ASSEMBLER=arm-none-eabi
TRACE::2026-02-22.11:34:22::SCWBDomain::-as" "ARCHIVER=arm-none-eabi-ar" "COMPILER_FLAGS=  -O2 -c" "EXTRA_COMPILER_FLAGS=-mcpu=cortex-a9 -mfpu=vfpv3 -mfloat-abi=hard -
TRACE::2026-02-22.11:34:22::SCWBDomain::nostartfiles -g -Wall -Wextra -fno-tree-loop-distribute-patterns"

TRACE::2026-02-22.11:34:22::SCWBDomain::"Running Make include in ps7_cortexa9_0/libsrc/uartps_v3_11/src"

TRACE::2026-02-22.11:34:22::SCWBDomain::make -C ps7_cortexa9_0/libsrc/uartps_v3_11/src -s include  "SHELL=CMD" "COMPILER=arm-none-eabi-gcc" "ASSEMBLER=arm-none-eabi-as
TRACE::2026-02-22.11:34:22::SCWBDomain::" "ARCHIVER=arm-none-eabi-ar" "COMPILER_FLAGS=  -O2 -c" "EXTRA_COMPILER_FLAGS=-mcpu=cortex-a9 -mfpu=vfpv3 -mfloat-abi=hard -nos
TRACE::2026-02-22.11:34:22::SCWBDomain::tartfiles -g -Wall -Wextra -fno-tree-loop-distribute-patterns"

TRACE::2026-02-22.11:34:23::SCWBDomain::"Running Make include in ps7_cortexa9_0/libsrc/usbps_v2_7/src"

TRACE::2026-02-22.11:34:23::SCWBDomain::make -C ps7_cortexa9_0/libsrc/usbps_v2_7/src -s include  "SHELL=CMD" "COMPILER=arm-none-eabi-gcc" "ASSEMBLER=arm-none-eabi-as" 
TRACE::2026-02-22.11:34:23::SCWBDomain::"ARCHIVER=arm-none-eabi-ar" "COMPILER_FLAGS=  -O2 -c" "EXTRA_COMPILER_FLAGS=-mcpu=cortex-a9 -mfpu=vfpv3 -mfloat-abi=hard -nosta
TRACE::2026-02-22.11:34:23::SCWBDomain::rtfiles -g -Wall -Wextra -fno-tree-loop-distribute-patterns"

TRACE::2026-02-22.11:34:23::SCWBDomain::"Running Make include in ps7_cortexa9_0/libsrc/xadcps_v2_6/src"

TRACE::2026-02-22.11:34:23::SCWBDomain::make -C ps7_cortexa9_0/libsrc/xadcps_v2_6/src -s include  "SHELL=CMD" "COMPILER=arm-none-eabi-gcc" "ASSEMBLER=arm-none-eabi-as"
TRACE::2026-02-22.11:34:23::SCWBDomain:: "ARCHIVER=arm-none-eabi-ar" "COMPILER_FLAGS=  -O2 -c" "EXTRA_COMPILER_FLAGS=-mcpu=cortex-a9 -mfpu=vfpv3 -mfloat-abi=hard -nost
TRACE::2026-02-22.11:34:23::SCWBDomain::artfiles -g -Wall -Wextra -fno-tree-loop-distribute-patterns"

TRACE::2026-02-22.11:34:23::SCWBDomain::"Running Make include in ps7_cortexa9_0/libsrc/xilffs_v4_5/src"

TRACE::2026-02-22.11:34:23::SCWBDomain::make -C ps7_cortexa9_0/libsrc/xilffs_v4_5/src -s include  "SHELL=CMD" "COMPILER=arm-none-eabi-gcc" "ASSEMBLER=arm-none-eabi-as"
TRACE::2026-02-22.11:34:23::SCWBDomain:: "ARCHIVER=arm-none-eabi-ar" "COMPILER_FLAGS=  -O2 -c" "EXTRA_COMPILER_FLAGS=-mcpu=cortex-a9 -mfpu=vfpv3 -mfloat-abi=hard -nost
TRACE::2026-02-22.11:34:23::SCWBDomain::artfiles -g -Wall -Wextra -fno-tree-loop-distribute-patterns"

TRACE::2026-02-22.11:34:23::SCWBDomain::"Running Make include in ps7_cortexa9_0/libsrc/xilrsa_v1_6/src"

TRACE::2026-02-22.11:34:23::SCWBDomain::make -C ps7_cortexa9_0/libsrc/xilrsa_v1_6/src -s include  "SHELL=CMD" "COMPILER=arm-none-eabi-gcc" "ASSEMBLER=arm-none-eabi-as"
TRACE::2026-02-22.11:34:23::SCWBDomain:: "ARCHIVER=arm-none-eabi-ar" "COMPILER_FLAGS=  -O2 -c" "EXTRA_COMPILER_FLAGS=-mcpu=cortex-a9 -mfpu=vfpv3 -mfloat-abi=hard -nost
TRACE::2026-02-22.11:34:23::SCWBDomain::artfiles -g -Wall -Wextra -fno-tree-loop-distribute-patterns"

TRACE::2026-02-22.11:34:23::SCWBDomain::"Running Make libs in ps7_cortexa9_0/libsrc/AUP_advanced_SoC_v1_0/src"

TRACE::2026-02-22.11:34:23::SCWBDomain::make -C ps7_cortexa9_0/libsrc/AUP_advanced_SoC_v1_0/src -s libs  "SHELL=CMD" "COMPILER=arm-none-eabi-gcc" "ASSEMBLER=arm-none-e
TRACE::2026-02-22.11:34:23::SCWBDomain::abi-as" "ARCHIVER=arm-none-eabi-ar" "COMPILER_FLAGS=  -O2 -c" "EXTRA_COMPILER_FLAGS=-mcpu=cortex-a9 -mfpu=vfpv3 -mfloat-abi=har
TRACE::2026-02-22.11:34:23::SCWBDomain::d -nostartfiles -g -Wall -Wextra -fno-tree-loop-distribute-patterns"

TRACE::2026-02-22.11:34:23::SCWBDomain::"Compiling axi_gpio_asoc..."

TRACE::2026-02-22.11:34:23::SCWBDomain::"Running Make libs in ps7_cortexa9_0/libsrc/xilrsa_v1_6/src"

TRACE::2026-02-22.11:34:23::SCWBDomain::make -C ps7_cortexa9_0/libsrc/xilrsa_v1_6/src -s libs  "SHELL=CMD" "COMPILER=arm-none-eabi-gcc" "ASSEMBLER=arm-none-eabi-as" "A
TRACE::2026-02-22.11:34:23::SCWBDomain::RCHIVER=arm-none-eabi-ar" "COMPILER_FLAGS=  -O2 -c" "EXTRA_COMPILER_FLAGS=-mcpu=cortex-a9 -mfpu=vfpv3 -mfloat-abi=hard -nostart
TRACE::2026-02-22.11:34:23::SCWBDomain::files -g -Wall -Wextra -fno-tree-loop-distribute-patterns"

TRACE::2026-02-22.11:34:23::SCWBDomain::'Finished building libraries sequentially.'

TRACE::2026-02-22.11:34:23::SCWBDomain::make -j 14 --no-print-directory par_libs

TRACE::2026-02-22.11:34:23::SCWBDomain::"Running Make include in ps7_cortexa9_0/libsrc/AUP_advanced_SoC_v1_0/src"

TRACE::2026-02-22.11:34:23::SCWBDomain::make -C ps7_cortexa9_0/libsrc/AUP_advanced_SoC_v1_0/src -s include  "SHELL=CMD" "COMPILER=arm-none-eabi-gcc" "ASSEMBLER=arm-non
TRACE::2026-02-22.11:34:23::SCWBDomain::e-eabi-as" "ARCHIVER=arm-none-eabi-ar" "COMPILER_FLAGS=  -O2 -c" "EXTRA_COMPILER_FLAGS=-mcpu=cortex-a9 -mfpu=vfpv3 -mfloat-abi=
TRACE::2026-02-22.11:34:23::SCWBDomain::hard -nostartfiles -g -Wall -Wextra -fno-tree-loop-distribute-patterns"

TRACE::2026-02-22.11:34:23::SCWBDomain::"Running Make include in ps7_cortexa9_0/libsrc/coresightps_dcc_v1_8/src"

TRACE::2026-02-22.11:34:23::SCWBDomain::make -C ps7_cortexa9_0/libsrc/coresightps_dcc_v1_8/src -s include  "SHELL=CMD" "COMPILER=arm-none-eabi-gcc" "ASSEMBLER=arm-none
TRACE::2026-02-22.11:34:23::SCWBDomain::-eabi-as" "ARCHIVER=arm-none-eabi-ar" "COMPILER_FLAGS=  -O2 -c" "EXTRA_COMPILER_FLAGS=-mcpu=cortex-a9 -mfpu=vfpv3 -mfloat-abi=h
TRACE::2026-02-22.11:34:23::SCWBDomain::ard -nostartfiles -g -Wall -Wextra -fno-tree-loop-distribute-patterns"

TRACE::2026-02-22.11:34:23::SCWBDomain::"Running Make include in ps7_cortexa9_0/libsrc/cpu_cortexa9_v2_11/src"

TRACE::2026-02-22.11:34:23::SCWBDomain::make -C ps7_cortexa9_0/libsrc/cpu_cortexa9_v2_11/src -s include  "SHELL=CMD" "COMPILER=arm-none-eabi-gcc" "ASSEMBLER=arm-none-e
TRACE::2026-02-22.11:34:23::SCWBDomain::abi-as" "ARCHIVER=arm-none-eabi-ar" "COMPILER_FLAGS=  -O2 -c" "EXTRA_COMPILER_FLAGS=-mcpu=cortex-a9 -mfpu=vfpv3 -mfloat-abi=har
TRACE::2026-02-22.11:34:23::SCWBDomain::d -nostartfiles -g -Wall -Wextra -fno-tree-loop-distribute-patterns"

TRACE::2026-02-22.11:34:23::SCWBDomain::"Running Make include in ps7_cortexa9_0/libsrc/ddrps_v1_2/src"

TRACE::2026-02-22.11:34:23::SCWBDomain::make -C ps7_cortexa9_0/libsrc/ddrps_v1_2/src -s include  "SHELL=CMD" "COMPILER=arm-none-eabi-gcc" "ASSEMBLER=arm-none-eabi-as" 
TRACE::2026-02-22.11:34:23::SCWBDomain::"ARCHIVER=arm-none-eabi-ar" "COMPILER_FLAGS=  -O2 -c" "EXTRA_COMPILER_FLAGS=-mcpu=cortex-a9 -mfpu=vfpv3 -mfloat-abi=hard -nosta
TRACE::2026-02-22.11:34:23::SCWBDomain::rtfiles -g -Wall -Wextra -fno-tree-loop-distribute-patterns"

TRACE::2026-02-22.11:34:23::SCWBDomain::"Running Make include in ps7_cortexa9_0/libsrc/devcfg_v3_7/src"

TRACE::2026-02-22.11:34:23::SCWBDomain::make -C ps7_cortexa9_0/libsrc/devcfg_v3_7/src -s include  "SHELL=CMD" "COMPILER=arm-none-eabi-gcc" "ASSEMBLER=arm-none-eabi-as"
TRACE::2026-02-22.11:34:23::SCWBDomain:: "ARCHIVER=arm-none-eabi-ar" "COMPILER_FLAGS=  -O2 -c" "EXTRA_COMPILER_FLAGS=-mcpu=cortex-a9 -mfpu=vfpv3 -mfloat-abi=hard -nost
TRACE::2026-02-22.11:34:23::SCWBDomain::artfiles -g -Wall -Wextra -fno-tree-loop-distribute-patterns"

TRACE::2026-02-22.11:34:23::SCWBDomain::"Running Make include in ps7_cortexa9_0/libsrc/dmaps_v2_8/src"

TRACE::2026-02-22.11:34:23::SCWBDomain::make -C ps7_cortexa9_0/libsrc/dmaps_v2_8/src -s include  "SHELL=CMD" "COMPILER=arm-none-eabi-gcc" "ASSEMBLER=arm-none-eabi-as" 
TRACE::2026-02-22.11:34:23::SCWBDomain::"ARCHIVER=arm-none-eabi-ar" "COMPILER_FLAGS=  -O2 -c" "EXTRA_COMPILER_FLAGS=-mcpu=cortex-a9 -mfpu=vfpv3 -mfloat-abi=hard -nosta
TRACE::2026-02-22.11:34:23::SCWBDomain::rtfiles -g -Wall -Wextra -fno-tree-loop-distribute-patterns"

TRACE::2026-02-22.11:34:23::SCWBDomain::"Running Make include in ps7_cortexa9_0/libsrc/emacps_v3_14/src"

TRACE::2026-02-22.11:34:23::SCWBDomain::make -C ps7_cortexa9_0/libsrc/emacps_v3_14/src -s include  "SHELL=CMD" "COMPILER=arm-none-eabi-gcc" "ASSEMBLER=arm-none-eabi-as
TRACE::2026-02-22.11:34:23::SCWBDomain::" "ARCHIVER=arm-none-eabi-ar" "COMPILER_FLAGS=  -O2 -c" "EXTRA_COMPILER_FLAGS=-mcpu=cortex-a9 -mfpu=vfpv3 -mfloat-abi=hard -nos
TRACE::2026-02-22.11:34:23::SCWBDomain::tartfiles -g -Wall -Wextra -fno-tree-loop-distribute-patterns"

TRACE::2026-02-22.11:34:23::SCWBDomain::"Running Make include in ps7_cortexa9_0/libsrc/gpiops_v3_9/src"

TRACE::2026-02-22.11:34:23::SCWBDomain::make -C ps7_cortexa9_0/libsrc/gpiops_v3_9/src -s include  "SHELL=CMD" "COMPILER=arm-none-eabi-gcc" "ASSEMBLER=arm-none-eabi-as"
TRACE::2026-02-22.11:34:23::SCWBDomain:: "ARCHIVER=arm-none-eabi-ar" "COMPILER_FLAGS=  -O2 -c" "EXTRA_COMPILER_FLAGS=-mcpu=cortex-a9 -mfpu=vfpv3 -mfloat-abi=hard -nost
TRACE::2026-02-22.11:34:23::SCWBDomain::artfiles -g -Wall -Wextra -fno-tree-loop-distribute-patterns"

TRACE::2026-02-22.11:34:23::SCWBDomain::"Running Make include in ps7_cortexa9_0/libsrc/qspips_v3_9/src"

TRACE::2026-02-22.11:34:23::SCWBDomain::make -C ps7_cortexa9_0/libsrc/qspips_v3_9/src -s include  "SHELL=CMD" "COMPILER=arm-none-eabi-gcc" "ASSEMBLER=arm-none-eabi-as"
TRACE::2026-02-22.11:34:23::SCWBDomain:: "ARCHIVER=arm-none-eabi-ar" "COMPILER_FLAGS=  -O2 -c" "EXTRA_COMPILER_FLAGS=-mcpu=cortex-a9 -mfpu=vfpv3 -mfloat-abi=hard -nost
TRACE::2026-02-22.11:34:23::SCWBDomain::artfiles -g -Wall -Wextra -fno-tree-loop-distribute-patterns"

TRACE::2026-02-22.11:34:23::SCWBDomain::"Running Make include in ps7_cortexa9_0/libsrc/scugic_v4_5/src"

TRACE::2026-02-22.11:34:23::SCWBDomain::make -C ps7_cortexa9_0/libsrc/scugic_v4_5/src -s include  "SHELL=CMD" "COMPILER=arm-none-eabi-gcc" "ASSEMBLER=arm-none-eabi-as"
TRACE::2026-02-22.11:34:23::SCWBDomain:: "ARCHIVER=arm-none-eabi-ar" "COMPILER_FLAGS=  -O2 -c" "EXTRA_COMPILER_FLAGS=-mcpu=cortex-a9 -mfpu=vfpv3 -mfloat-abi=hard -nost
TRACE::2026-02-22.11:34:23::SCWBDomain::artfiles -g -Wall -Wextra -fno-tree-loop-distribute-patterns"

TRACE::2026-02-22.11:34:23::SCWBDomain::"Running Make include in ps7_cortexa9_0/libsrc/scutimer_v2_3/src"

TRACE::2026-02-22.11:34:23::SCWBDomain::make -C ps7_cortexa9_0/libsrc/scutimer_v2_3/src -s include  "SHELL=CMD" "COMPILER=arm-none-eabi-gcc" "ASSEMBLER=arm-none-eabi-a
TRACE::2026-02-22.11:34:23::SCWBDomain::s" "ARCHIVER=arm-none-eabi-ar" "COMPILER_FLAGS=  -O2 -c" "EXTRA_COMPILER_FLAGS=-mcpu=cortex-a9 -mfpu=vfpv3 -mfloat-abi=hard -no
TRACE::2026-02-22.11:34:23::SCWBDomain::startfiles -g -Wall -Wextra -fno-tree-loop-distribute-patterns"

TRACE::2026-02-22.11:34:23::SCWBDomain::"Running Make include in ps7_cortexa9_0/libsrc/scuwdt_v2_4/src"

TRACE::2026-02-22.11:34:24::SCWBDomain::make -C ps7_cortexa9_0/libsrc/scuwdt_v2_4/src -s include  "SHELL=CMD" "COMPILER=arm-none-eabi-gcc" "ASSEMBLER=arm-none-eabi-as"
TRACE::2026-02-22.11:34:24::SCWBDomain:: "ARCHIVER=arm-none-eabi-ar" "COMPILER_FLAGS=  -O2 -c" "EXTRA_COMPILER_FLAGS=-mcpu=cortex-a9 -mfpu=vfpv3 -mfloat-abi=hard -nost
TRACE::2026-02-22.11:34:24::SCWBDomain::artfiles -g -Wall -Wextra -fno-tree-loop-distribute-patterns"

TRACE::2026-02-22.11:34:24::SCWBDomain::"Running Make include in ps7_cortexa9_0/libsrc/sdps_v3_12/src"

TRACE::2026-02-22.11:34:24::SCWBDomain::make -C ps7_cortexa9_0/libsrc/sdps_v3_12/src -s include  "SHELL=CMD" "COMPILER=arm-none-eabi-gcc" "ASSEMBLER=arm-none-eabi-as" 
TRACE::2026-02-22.11:34:24::SCWBDomain::"ARCHIVER=arm-none-eabi-ar" "COMPILER_FLAGS=  -O2 -c" "EXTRA_COMPILER_FLAGS=-mcpu=cortex-a9 -mfpu=vfpv3 -mfloat-abi=hard -nosta
TRACE::2026-02-22.11:34:24::SCWBDomain::rtfiles -g -Wall -Wextra -fno-tree-loop-distribute-patterns"

TRACE::2026-02-22.11:34:24::SCWBDomain::"Running Make include in ps7_cortexa9_0/libsrc/standalone_v7_5/src"

TRACE::2026-02-22.11:34:24::SCWBDomain::make -C ps7_cortexa9_0/libsrc/standalone_v7_5/src -s include  "SHELL=CMD" "COMPILER=arm-none-eabi-gcc" "ASSEMBLER=arm-none-eabi
TRACE::2026-02-22.11:34:24::SCWBDomain::-as" "ARCHIVER=arm-none-eabi-ar" "COMPILER_FLAGS=  -O2 -c" "EXTRA_COMPILER_FLAGS=-mcpu=cortex-a9 -mfpu=vfpv3 -mfloat-abi=hard -
TRACE::2026-02-22.11:34:24::SCWBDomain::nostartfiles -g -Wall -Wextra -fno-tree-loop-distribute-patterns"

TRACE::2026-02-22.11:34:24::SCWBDomain::"Running Make include in ps7_cortexa9_0/libsrc/uartps_v3_11/src"

TRACE::2026-02-22.11:34:24::SCWBDomain::make -C ps7_cortexa9_0/libsrc/uartps_v3_11/src -s include  "SHELL=CMD" "COMPILER=arm-none-eabi-gcc" "ASSEMBLER=arm-none-eabi-as
TRACE::2026-02-22.11:34:24::SCWBDomain::" "ARCHIVER=arm-none-eabi-ar" "COMPILER_FLAGS=  -O2 -c" "EXTRA_COMPILER_FLAGS=-mcpu=cortex-a9 -mfpu=vfpv3 -mfloat-abi=hard -nos
TRACE::2026-02-22.11:34:24::SCWBDomain::tartfiles -g -Wall -Wextra -fno-tree-loop-distribute-patterns"

TRACE::2026-02-22.11:34:24::SCWBDomain::"Running Make include in ps7_cortexa9_0/libsrc/usbps_v2_7/src"

TRACE::2026-02-22.11:34:24::SCWBDomain::make -C ps7_cortexa9_0/libsrc/usbps_v2_7/src -s include  "SHELL=CMD" "COMPILER=arm-none-eabi-gcc" "ASSEMBLER=arm-none-eabi-as" 
TRACE::2026-02-22.11:34:24::SCWBDomain::"ARCHIVER=arm-none-eabi-ar" "COMPILER_FLAGS=  -O2 -c" "EXTRA_COMPILER_FLAGS=-mcpu=cortex-a9 -mfpu=vfpv3 -mfloat-abi=hard -nosta
TRACE::2026-02-22.11:34:24::SCWBDomain::rtfiles -g -Wall -Wextra -fno-tree-loop-distribute-patterns"

TRACE::2026-02-22.11:34:24::SCWBDomain::"Running Make include in ps7_cortexa9_0/libsrc/xadcps_v2_6/src"

TRACE::2026-02-22.11:34:24::SCWBDomain::make -C ps7_cortexa9_0/libsrc/xadcps_v2_6/src -s include  "SHELL=CMD" "COMPILER=arm-none-eabi-gcc" "ASSEMBLER=arm-none-eabi-as"
TRACE::2026-02-22.11:34:24::SCWBDomain:: "ARCHIVER=arm-none-eabi-ar" "COMPILER_FLAGS=  -O2 -c" "EXTRA_COMPILER_FLAGS=-mcpu=cortex-a9 -mfpu=vfpv3 -mfloat-abi=hard -nost
TRACE::2026-02-22.11:34:24::SCWBDomain::artfiles -g -Wall -Wextra -fno-tree-loop-distribute-patterns"

TRACE::2026-02-22.11:34:24::SCWBDomain::"Running Make include in ps7_cortexa9_0/libsrc/xilffs_v4_5/src"

TRACE::2026-02-22.11:34:24::SCWBDomain::make -C ps7_cortexa9_0/libsrc/xilffs_v4_5/src -s include  "SHELL=CMD" "COMPILER=arm-none-eabi-gcc" "ASSEMBLER=arm-none-eabi-as"
TRACE::2026-02-22.11:34:24::SCWBDomain:: "ARCHIVER=arm-none-eabi-ar" "COMPILER_FLAGS=  -O2 -c" "EXTRA_COMPILER_FLAGS=-mcpu=cortex-a9 -mfpu=vfpv3 -mfloat-abi=hard -nost
TRACE::2026-02-22.11:34:24::SCWBDomain::artfiles -g -Wall -Wextra -fno-tree-loop-distribute-patterns"

TRACE::2026-02-22.11:34:24::SCWBDomain::"Running Make include in ps7_cortexa9_0/libsrc/xilrsa_v1_6/src"

TRACE::2026-02-22.11:34:24::SCWBDomain::make -C ps7_cortexa9_0/libsrc/xilrsa_v1_6/src -s include  "SHELL=CMD" "COMPILER=arm-none-eabi-gcc" "ASSEMBLER=arm-none-eabi-as"
TRACE::2026-02-22.11:34:24::SCWBDomain:: "ARCHIVER=arm-none-eabi-ar" "COMPILER_FLAGS=  -O2 -c" "EXTRA_COMPILER_FLAGS=-mcpu=cortex-a9 -mfpu=vfpv3 -mfloat-abi=hard -nost
TRACE::2026-02-22.11:34:24::SCWBDomain::artfiles -g -Wall -Wextra -fno-tree-loop-distribute-patterns"

TRACE::2026-02-22.11:34:24::SCWBDomain::"Running Make libs in ps7_cortexa9_0/libsrc/coresightps_dcc_v1_8/src"

TRACE::2026-02-22.11:34:24::SCWBDomain::make -C ps7_cortexa9_0/libsrc/coresightps_dcc_v1_8/src -s libs  "SHELL=CMD" "COMPILER=arm-none-eabi-gcc" "ASSEMBLER=arm-none-ea
TRACE::2026-02-22.11:34:24::SCWBDomain::bi-as" "ARCHIVER=arm-none-eabi-ar" "COMPILER_FLAGS=  -O2 -c" "EXTRA_COMPILER_FLAGS=-mcpu=cortex-a9 -mfpu=vfpv3 -mfloat-abi=hard
TRACE::2026-02-22.11:34:24::SCWBDomain:: -nostartfiles -g -Wall -Wextra -fno-tree-loop-distribute-patterns"

TRACE::2026-02-22.11:34:24::SCWBDomain::"Running Make libs in ps7_cortexa9_0/libsrc/cpu_cortexa9_v2_11/src"

TRACE::2026-02-22.11:34:24::SCWBDomain::make -C ps7_cortexa9_0/libsrc/cpu_cortexa9_v2_11/src -s libs  "SHELL=CMD" "COMPILER=arm-none-eabi-gcc" "ASSEMBLER=arm-none-eabi
TRACE::2026-02-22.11:34:24::SCWBDomain::-as" "ARCHIVER=arm-none-eabi-ar" "COMPILER_FLAGS=  -O2 -c" "EXTRA_COMPILER_FLAGS=-mcpu=cortex-a9 -mfpu=vfpv3 -mfloat-abi=hard -
TRACE::2026-02-22.11:34:24::SCWBDomain::nostartfiles -g -Wall -Wextra -fno-tree-loop-distribute-patterns"

TRACE::2026-02-22.11:34:24::SCWBDomain::"Running Make libs in ps7_cortexa9_0/libsrc/ddrps_v1_2/src"

TRACE::2026-02-22.11:34:24::SCWBDomain::make -C ps7_cortexa9_0/libsrc/ddrps_v1_2/src -s libs  "SHELL=CMD" "COMPILER=arm-none-eabi-gcc" "ASSEMBLER=arm-none-eabi-as" "AR
TRACE::2026-02-22.11:34:24::SCWBDomain::CHIVER=arm-none-eabi-ar" "COMPILER_FLAGS=  -O2 -c" "EXTRA_COMPILER_FLAGS=-mcpu=cortex-a9 -mfpu=vfpv3 -mfloat-abi=hard -nostartf
TRACE::2026-02-22.11:34:24::SCWBDomain::iles -g -Wall -Wextra -fno-tree-loop-distribute-patterns"

TRACE::2026-02-22.11:34:24::SCWBDomain::"Running Make libs in ps7_cortexa9_0/libsrc/devcfg_v3_7/src"

TRACE::2026-02-22.11:34:24::SCWBDomain::make -C ps7_cortexa9_0/libsrc/devcfg_v3_7/src -s libs  "SHELL=CMD" "COMPILER=arm-none-eabi-gcc" "ASSEMBLER=arm-none-eabi-as" "A
TRACE::2026-02-22.11:34:24::SCWBDomain::RCHIVER=arm-none-eabi-ar" "COMPILER_FLAGS=  -O2 -c" "EXTRA_COMPILER_FLAGS=-mcpu=cortex-a9 -mfpu=vfpv3 -mfloat-abi=hard -nostart
TRACE::2026-02-22.11:34:24::SCWBDomain::files -g -Wall -Wextra -fno-tree-loop-distribute-patterns"

TRACE::2026-02-22.11:34:24::SCWBDomain::"Running Make libs in ps7_cortexa9_0/libsrc/dmaps_v2_8/src"

TRACE::2026-02-22.11:34:24::SCWBDomain::make -C ps7_cortexa9_0/libsrc/dmaps_v2_8/src -s libs  "SHELL=CMD" "COMPILER=arm-none-eabi-gcc" "ASSEMBLER=arm-none-eabi-as" "AR
TRACE::2026-02-22.11:34:24::SCWBDomain::CHIVER=arm-none-eabi-ar" "COMPILER_FLAGS=  -O2 -c" "EXTRA_COMPILER_FLAGS=-mcpu=cortex-a9 -mfpu=vfpv3 -mfloat-abi=hard -nostartf
TRACE::2026-02-22.11:34:24::SCWBDomain::iles -g -Wall -Wextra -fno-tree-loop-distribute-patterns"

TRACE::2026-02-22.11:34:24::SCWBDomain::"Running Make libs in ps7_cortexa9_0/libsrc/emacps_v3_14/src"

TRACE::2026-02-22.11:34:24::SCWBDomain::make -C ps7_cortexa9_0/libsrc/emacps_v3_14/src -s libs  "SHELL=CMD" "COMPILER=arm-none-eabi-gcc" "ASSEMBLER=arm-none-eabi-as" "
TRACE::2026-02-22.11:34:24::SCWBDomain::ARCHIVER=arm-none-eabi-ar" "COMPILER_FLAGS=  -O2 -c" "EXTRA_COMPILER_FLAGS=-mcpu=cortex-a9 -mfpu=vfpv3 -mfloat-abi=hard -nostar
TRACE::2026-02-22.11:34:24::SCWBDomain::tfiles -g -Wall -Wextra -fno-tree-loop-distribute-patterns"

TRACE::2026-02-22.11:34:24::SCWBDomain::"Running Make libs in ps7_cortexa9_0/libsrc/gpiops_v3_9/src"

TRACE::2026-02-22.11:34:24::SCWBDomain::make -C ps7_cortexa9_0/libsrc/gpiops_v3_9/src -s libs  "SHELL=CMD" "COMPILER=arm-none-eabi-gcc" "ASSEMBLER=arm-none-eabi-as" "A
TRACE::2026-02-22.11:34:24::SCWBDomain::RCHIVER=arm-none-eabi-ar" "COMPILER_FLAGS=  -O2 -c" "EXTRA_COMPILER_FLAGS=-mcpu=cortex-a9 -mfpu=vfpv3 -mfloat-abi=hard -nostart
TRACE::2026-02-22.11:34:24::SCWBDomain::files -g -Wall -Wextra -fno-tree-loop-distribute-patterns"

TRACE::2026-02-22.11:34:24::SCWBDomain::"Running Make libs in ps7_cortexa9_0/libsrc/qspips_v3_9/src"

TRACE::2026-02-22.11:34:24::SCWBDomain::make -C ps7_cortexa9_0/libsrc/qspips_v3_9/src -s libs  "SHELL=CMD" "COMPILER=arm-none-eabi-gcc" "ASSEMBLER=arm-none-eabi-as" "A
TRACE::2026-02-22.11:34:24::SCWBDomain::RCHIVER=arm-none-eabi-ar" "COMPILER_FLAGS=  -O2 -c" "EXTRA_COMPILER_FLAGS=-mcpu=cortex-a9 -mfpu=vfpv3 -mfloat-abi=hard -nostart
TRACE::2026-02-22.11:34:24::SCWBDomain::files -g -Wall -Wextra -fno-tree-loop-distribute-patterns"

TRACE::2026-02-22.11:34:24::SCWBDomain::"Running Make libs in ps7_cortexa9_0/libsrc/scugic_v4_5/src"

TRACE::2026-02-22.11:34:24::SCWBDomain::make -C ps7_cortexa9_0/libsrc/scugic_v4_5/src -s libs  "SHELL=CMD" "COMPILER=arm-none-eabi-gcc" "ASSEMBLER=arm-none-eabi-as" "A
TRACE::2026-02-22.11:34:24::SCWBDomain::RCHIVER=arm-none-eabi-ar" "COMPILER_FLAGS=  -O2 -c" "EXTRA_COMPILER_FLAGS=-mcpu=cortex-a9 -mfpu=vfpv3 -mfloat-abi=hard -nostart
TRACE::2026-02-22.11:34:24::SCWBDomain::files -g -Wall -Wextra -fno-tree-loop-distribute-patterns"

TRACE::2026-02-22.11:34:24::SCWBDomain::"Running Make libs in ps7_cortexa9_0/libsrc/scutimer_v2_3/src"

TRACE::2026-02-22.11:34:24::SCWBDomain::make -C ps7_cortexa9_0/libsrc/scutimer_v2_3/src -s libs  "SHELL=CMD" "COMPILER=arm-none-eabi-gcc" "ASSEMBLER=arm-none-eabi-as" 
TRACE::2026-02-22.11:34:24::SCWBDomain::"ARCHIVER=arm-none-eabi-ar" "COMPILER_FLAGS=  -O2 -c" "EXTRA_COMPILER_FLAGS=-mcpu=cortex-a9 -mfpu=vfpv3 -mfloat-abi=hard -nosta
TRACE::2026-02-22.11:34:24::SCWBDomain::rtfiles -g -Wall -Wextra -fno-tree-loop-distribute-patterns"

TRACE::2026-02-22.11:34:24::SCWBDomain::"Running Make libs in ps7_cortexa9_0/libsrc/scuwdt_v2_4/src"

TRACE::2026-02-22.11:34:24::SCWBDomain::make -C ps7_cortexa9_0/libsrc/scuwdt_v2_4/src -s libs  "SHELL=CMD" "COMPILER=arm-none-eabi-gcc" "ASSEMBLER=arm-none-eabi-as" "A
TRACE::2026-02-22.11:34:24::SCWBDomain::RCHIVER=arm-none-eabi-ar" "COMPILER_FLAGS=  -O2 -c" "EXTRA_COMPILER_FLAGS=-mcpu=cortex-a9 -mfpu=vfpv3 -mfloat-abi=hard -nostart
TRACE::2026-02-22.11:34:24::SCWBDomain::files -g -Wall -Wextra -fno-tree-loop-distribute-patterns"

TRACE::2026-02-22.11:34:25::SCWBDomain::"Running Make libs in ps7_cortexa9_0/libsrc/sdps_v3_12/src"

TRACE::2026-02-22.11:34:25::SCWBDomain::make -C ps7_cortexa9_0/libsrc/sdps_v3_12/src -s libs  "SHELL=CMD" "COMPILER=arm-none-eabi-gcc" "ASSEMBLER=arm-none-eabi-as" "AR
TRACE::2026-02-22.11:34:25::SCWBDomain::CHIVER=arm-none-eabi-ar" "COMPILER_FLAGS=  -O2 -c" "EXTRA_COMPILER_FLAGS=-mcpu=cortex-a9 -mfpu=vfpv3 -mfloat-abi=hard -nostartf
TRACE::2026-02-22.11:34:25::SCWBDomain::iles -g -Wall -Wextra -fno-tree-loop-distribute-patterns"

TRACE::2026-02-22.11:34:25::SCWBDomain::"Running Make libs in ps7_cortexa9_0/libsrc/standalone_v7_5/src"

TRACE::2026-02-22.11:34:25::SCWBDomain::make -C ps7_cortexa9_0/libsrc/standalone_v7_5/src -s libs  "SHELL=CMD" "COMPILER=arm-none-eabi-gcc" "ASSEMBLER=arm-none-eabi-as
TRACE::2026-02-22.11:34:25::SCWBDomain::" "ARCHIVER=arm-none-eabi-ar" "COMPILER_FLAGS=  -O2 -c" "EXTRA_COMPILER_FLAGS=-mcpu=cortex-a9 -mfpu=vfpv3 -mfloat-abi=hard -nos
TRACE::2026-02-22.11:34:25::SCWBDomain::tartfiles -g -Wall -Wextra -fno-tree-loop-distribute-patterns"

TRACE::2026-02-22.11:34:25::SCWBDomain::"Running Make libs in ps7_cortexa9_0/libsrc/uartps_v3_11/src"

TRACE::2026-02-22.11:34:25::SCWBDomain::make -C ps7_cortexa9_0/libsrc/uartps_v3_11/src -s libs  "SHELL=CMD" "COMPILER=arm-none-eabi-gcc" "ASSEMBLER=arm-none-eabi-as" "
TRACE::2026-02-22.11:34:25::SCWBDomain::ARCHIVER=arm-none-eabi-ar" "COMPILER_FLAGS=  -O2 -c" "EXTRA_COMPILER_FLAGS=-mcpu=cortex-a9 -mfpu=vfpv3 -mfloat-abi=hard -nostar
TRACE::2026-02-22.11:34:25::SCWBDomain::tfiles -g -Wall -Wextra -fno-tree-loop-distribute-patterns"

TRACE::2026-02-22.11:34:25::SCWBDomain::"Running Make libs in ps7_cortexa9_0/libsrc/usbps_v2_7/src"

TRACE::2026-02-22.11:34:25::SCWBDomain::make -C ps7_cortexa9_0/libsrc/usbps_v2_7/src -s libs  "SHELL=CMD" "COMPILER=arm-none-eabi-gcc" "ASSEMBLER=arm-none-eabi-as" "AR
TRACE::2026-02-22.11:34:25::SCWBDomain::CHIVER=arm-none-eabi-ar" "COMPILER_FLAGS=  -O2 -c" "EXTRA_COMPILER_FLAGS=-mcpu=cortex-a9 -mfpu=vfpv3 -mfloat-abi=hard -nostartf
TRACE::2026-02-22.11:34:25::SCWBDomain::iles -g -Wall -Wextra -fno-tree-loop-distribute-patterns"

TRACE::2026-02-22.11:34:25::SCWBDomain::"Running Make libs in ps7_cortexa9_0/libsrc/xadcps_v2_6/src"

TRACE::2026-02-22.11:34:25::SCWBDomain::make -C ps7_cortexa9_0/libsrc/xadcps_v2_6/src -s libs  "SHELL=CMD" "COMPILER=arm-none-eabi-gcc" "ASSEMBLER=arm-none-eabi-as" "A
TRACE::2026-02-22.11:34:25::SCWBDomain::RCHIVER=arm-none-eabi-ar" "COMPILER_FLAGS=  -O2 -c" "EXTRA_COMPILER_FLAGS=-mcpu=cortex-a9 -mfpu=vfpv3 -mfloat-abi=hard -nostart
TRACE::2026-02-22.11:34:25::SCWBDomain::files -g -Wall -Wextra -fno-tree-loop-distribute-patterns"

TRACE::2026-02-22.11:34:25::SCWBDomain::"Running Make libs in ps7_cortexa9_0/libsrc/xilffs_v4_5/src"

TRACE::2026-02-22.11:34:25::SCWBDomain::make -C ps7_cortexa9_0/libsrc/xilffs_v4_5/src -s libs  "SHELL=CMD" "COMPILER=arm-none-eabi-gcc" "ASSEMBLER=arm-none-eabi-as" "A
TRACE::2026-02-22.11:34:25::SCWBDomain::RCHIVER=arm-none-eabi-ar" "COMPILER_FLAGS=  -O2 -c" "EXTRA_COMPILER_FLAGS=-mcpu=cortex-a9 -mfpu=vfpv3 -mfloat-abi=hard -nostart
TRACE::2026-02-22.11:34:25::SCWBDomain::files -g -Wall -Wextra -fno-tree-loop-distribute-patterns"

TRACE::2026-02-22.11:34:26::SCWBDomain::'Finished building libraries parallelly.'

TRACE::2026-02-22.11:34:26::SCWBDomain::make --no-print-directory archive

TRACE::2026-02-22.11:34:26::SCWBDomain::arm-none-eabi-ar -r  ps7_cortexa9_0/lib/libxil.a ps7_cortexa9_0/lib/xadcps_selftest.o ps7_cortexa9_0/lib/xplatform_info.o ps7_c
TRACE::2026-02-22.11:34:26::SCWBDomain::ortexa9_0/lib/xil_mmu.o ps7_cortexa9_0/lib/xusbps_sinit.o ps7_cortexa9_0/lib/xdevcfg_hw.o ps7_cortexa9_0/lib/xil_sleeptimer.o p
TRACE::2026-02-22.11:34:26::SCWBDomain::s7_cortexa9_0/lib/xqspips_options.o ps7_cortexa9_0/lib/xdmaps_g.o ps7_cortexa9_0/lib/xscutimer_g.o ps7_cortexa9_0/lib/xsdps_opt
TRACE::2026-02-22.11:34:26::SCWBDomain::ions.o ps7_cortexa9_0/lib/xil_misc_psreset_api.o ps7_cortexa9_0/lib/xdmaps_sinit.o ps7_cortexa9_0/lib/xscutimer_sinit.o ps7_cor
TRACE::2026-02-22.11:34:26::SCWBDomain::texa9_0/lib/xemacps_hw.o ps7_cortexa9_0/lib/inbyte.o ps7_cortexa9_0/lib/xdmaps_selftest.o ps7_cortexa9_0/lib/xscutimer_selftest
TRACE::2026-02-22.11:34:26::SCWBDomain::.o ps7_cortexa9_0/lib/putnum.o ps7_cortexa9_0/lib/xqspips_hw.o ps7_cortexa9_0/lib/xgpiops_g.o ps7_cortexa9_0/lib/xsdps.o ps7_co
TRACE::2026-02-22.11:34:26::SCWBDomain::rtexa9_0/lib/close.o ps7_cortexa9_0/lib/xgpiops_intr.o ps7_cortexa9_0/lib/xemacps_g.o ps7_cortexa9_0/lib/xgpiops_sinit.o ps7_co
TRACE::2026-02-22.11:34:26::SCWBDomain::rtexa9_0/lib/xgpiops_selftest.o ps7_cortexa9_0/lib/xscuwdt.o ps7_cortexa9_0/lib/xgpiops.o ps7_cortexa9_0/lib/xil_clocking.o ps7
TRACE::2026-02-22.11:34:26::SCWBDomain::_cortexa9_0/lib/xil_mem.o ps7_cortexa9_0/lib/time.o ps7_cortexa9_0/lib/xil_printf.o ps7_cortexa9_0/lib/kill.o ps7_cortexa9_0/li
TRACE::2026-02-22.11:34:26::SCWBDomain::b/xuartps_g.o ps7_cortexa9_0/lib/xadcps.o ps7_cortexa9_0/lib/xuartps_sinit.o ps7_cortexa9_0/lib/xuartps_selftest.o ps7_cortexa9
TRACE::2026-02-22.11:34:26::SCWBDomain::_0/lib/lseek.o ps7_cortexa9_0/lib/xusbps_hw.o ps7_cortexa9_0/lib/xl2cc_counter.o ps7_cortexa9_0/lib/asm_vectors.o ps7_cortexa9_
TRACE::2026-02-22.11:34:26::SCWBDomain::0/lib/abort.o ps7_cortexa9_0/lib/xscugic_intr.o ps7_cortexa9_0/lib/getpid.o ps7_cortexa9_0/lib/xil_testcache.o ps7_cortexa9_0/l
TRACE::2026-02-22.11:34:26::SCWBDomain::ib/xdevcfg_sinit.o ps7_cortexa9_0/lib/xdmaps.o ps7_cortexa9_0/lib/xscutimer.o ps7_cortexa9_0/lib/xdevcfg_selftest.o ps7_cortexa
TRACE::2026-02-22.11:34:26::SCWBDomain::9_0/lib/xpm_counter.o ps7_cortexa9_0/lib/_sbrk.o ps7_cortexa9_0/lib/xemacps_sinit.o ps7_cortexa9_0/lib/xqspips_g.o ps7_cortexa9
TRACE::2026-02-22.11:34:26::SCWBDomain::_0/lib/xusbps.o ps7_cortexa9_0/lib/xusbps_endpoint.o ps7_cortexa9_0/lib/xusbps_g.o ps7_cortexa9_0/lib/xsdps_sinit.o ps7_cortexa
TRACE::2026-02-22.11:34:26::SCWBDomain::9_0/lib/xqspips_selftest.o ps7_cortexa9_0/lib/xil_exception.o ps7_cortexa9_0/lib/xil_testmem.o ps7_cortexa9_0/lib/xemacps_contr
TRACE::2026-02-22.11:34:26::SCWBDomain::ol.o ps7_cortexa9_0/lib/open.o ps7_cortexa9_0/lib/xil_assert.o ps7_cortexa9_0/lib/xusbps_intr.o ps7_cortexa9_0/lib/xsdps_host.o
TRACE::2026-02-22.11:34:26::SCWBDomain:: ps7_cortexa9_0/lib/xcoresightpsdcc.o ps7_cortexa9_0/lib/xscugic_hw.o ps7_cortexa9_0/lib/xuartps.o ps7_cortexa9_0/lib/sleep.o p
TRACE::2026-02-22.11:34:26::SCWBDomain::s7_cortexa9_0/lib/cpputest_time.o ps7_cortexa9_0/lib/_open.o ps7_cortexa9_0/lib/print.o ps7_cortexa9_0/lib/read.o ps7_cortexa9_
TRACE::2026-02-22.11:34:26::SCWBDomain::0/lib/xdevcfg.o ps7_cortexa9_0/lib/xadcps_intr.o ps7_cortexa9_0/lib/xqspips.o ps7_cortexa9_0/lib/xemacps.o ps7_cortexa9_0/lib/x
TRACE::2026-02-22.11:34:26::SCWBDomain::il_cache.o ps7_cortexa9_0/lib/xil_testio.o ps7_cortexa9_0/lib/unlink.o ps7_cortexa9_0/lib/xil_spinlock.o ps7_cortexa9_0/lib/tra
TRACE::2026-02-22.11:34:26::SCWBDomain::nslation_table.o ps7_cortexa9_0/lib/write.o ps7_cortexa9_0/lib/boot.o ps7_cortexa9_0/lib/xemacps_bdring.o ps7_cortexa9_0/lib/cp
TRACE::2026-02-22.11:34:26::SCWBDomain::u_init.o ps7_cortexa9_0/lib/vectors.o ps7_cortexa9_0/lib/usleep.o ps7_cortexa9_0/lib/xil_sleepcommon.o ps7_cortexa9_0/lib/xscug
TRACE::2026-02-22.11:34:26::SCWBDomain::ic_g.o ps7_cortexa9_0/lib/xscugic_sinit.o ps7_cortexa9_0/lib/fcntl.o ps7_cortexa9_0/lib/xdevcfg_g.o ps7_cortexa9_0/lib/outbyte.
TRACE::2026-02-22.11:34:26::SCWBDomain::o ps7_cortexa9_0/lib/xtime_l.o ps7_cortexa9_0/lib/xscugic_selftest.o ps7_cortexa9_0/lib/xil_util.o ps7_cortexa9_0/lib/xuartps_i
TRACE::2026-02-22.11:34:26::SCWBDomain::ntr.o ps7_cortexa9_0/lib/xsdps_card.o ps7_cortexa9_0/lib/xdmaps_hw.o ps7_cortexa9_0/lib/xscuwdt_sinit.o ps7_cortexa9_0/lib/sbrk
TRACE::2026-02-22.11:34:26::SCWBDomain::.o ps7_cortexa9_0/lib/xgpiops_hw.o ps7_cortexa9_0/lib/xsdps_g.o ps7_cortexa9_0/lib/fstat.o ps7_cortexa9_0/lib/errno.o ps7_corte
TRACE::2026-02-22.11:34:26::SCWBDomain::xa9_0/lib/xdevcfg_intr.o ps7_cortexa9_0/lib/xuartps_options.o ps7_cortexa9_0/lib/xscuwdt_g.o ps7_cortexa9_0/lib/_exit.o ps7_cor
TRACE::2026-02-22.11:34:26::SCWBDomain::texa9_0/lib/xemacps_intr.o ps7_cortexa9_0/lib/xscuwdt_selftest.o ps7_cortexa9_0/lib/isatty.o ps7_cortexa9_0/lib/xil-crt0.o ps7_
TRACE::2026-02-22.11:34:26::SCWBDomain::cortexa9_0/lib/xscugic.o ps7_cortexa9_0/lib/xuartps_hw.o ps7_cortexa9_0/lib/xadcps_g.o ps7_cortexa9_0/lib/xqspips_sinit.o ps7_c
TRACE::2026-02-22.11:34:26::SCWBDomain::ortexa9_0/lib/xadcps_sinit.o

TRACE::2026-02-22.11:34:27::SCWBDomain::'Finished building libraries'

TRACE::2026-02-22.11:34:27::SCWBDomain::make: Leaving directory 'C:/Users/jorda/VivadoProjects/SavedProjects/project_1a/p1aVITIS/design_1_wrapper/zynq_fsbl/zynq_fsbl_b
TRACE::2026-02-22.11:34:27::SCWBDomain::sp'

TRACE::2026-02-22.11:34:27::SCWBDomain::arm-none-eabi-gcc -MMD -MP       -mcpu=cortex-a9 -mfpu=vfpv3 -mfloat-abi=hard   -O2 -c -c sd.c -o sd.o -Izynq_fsbl_bsp/ps7_cort
TRACE::2026-02-22.11:34:27::SCWBDomain::exa9_0/include -I.

TRACE::2026-02-22.11:34:27::SCWBDomain::arm-none-eabi-gcc -MMD -MP       -mcpu=cortex-a9 -mfpu=vfpv3 -mfloat-abi=hard   -O2 -c -c nand.c -o nand.o -Izynq_fsbl_bsp/ps7_
TRACE::2026-02-22.11:34:27::SCWBDomain::cortexa9_0/include -I.

TRACE::2026-02-22.11:34:27::SCWBDomain::arm-none-eabi-gcc -MMD -MP       -mcpu=cortex-a9 -mfpu=vfpv3 -mfloat-abi=hard   -O2 -c -c nor.c -o nor.o -Izynq_fsbl_bsp/ps7_co
TRACE::2026-02-22.11:34:27::SCWBDomain::rtexa9_0/include -I.

TRACE::2026-02-22.11:34:27::SCWBDomain::arm-none-eabi-gcc -MMD -MP       -mcpu=cortex-a9 -mfpu=vfpv3 -mfloat-abi=hard   -O2 -c -c image_mover.c -o image_mover.o -Izynq
TRACE::2026-02-22.11:34:27::SCWBDomain::_fsbl_bsp/ps7_cortexa9_0/include -I.

TRACE::2026-02-22.11:34:27::SCWBDomain::arm-none-eabi-gcc -MMD -MP       -mcpu=cortex-a9 -mfpu=vfpv3 -mfloat-abi=hard   -O2 -c -c md5.c -o md5.o -Izynq_fsbl_bsp/ps7_co
TRACE::2026-02-22.11:34:27::SCWBDomain::rtexa9_0/include -I.

TRACE::2026-02-22.11:34:27::SCWBDomain::arm-none-eabi-gcc -MMD -MP       -mcpu=cortex-a9 -mfpu=vfpv3 -mfloat-abi=hard   -O2 -c -c fsbl_hooks.c -o fsbl_hooks.o -Izynq_f
TRACE::2026-02-22.11:34:27::SCWBDomain::sbl_bsp/ps7_cortexa9_0/include -I.

TRACE::2026-02-22.11:34:27::SCWBDomain::arm-none-eabi-gcc -MMD -MP       -mcpu=cortex-a9 -mfpu=vfpv3 -mfloat-abi=hard   -O2 -c -c main.c -o main.o -Izynq_fsbl_bsp/ps7_
TRACE::2026-02-22.11:34:27::SCWBDomain::cortexa9_0/include -I.

TRACE::2026-02-22.11:34:27::SCWBDomain::arm-none-eabi-gcc -MMD -MP       -mcpu=cortex-a9 -mfpu=vfpv3 -mfloat-abi=hard   -O2 -c -c rsa.c -o rsa.o -Izynq_fsbl_bsp/ps7_co
TRACE::2026-02-22.11:34:27::SCWBDomain::rtexa9_0/include -I.

TRACE::2026-02-22.11:34:28::SCWBDomain::arm-none-eabi-gcc -MMD -MP       -mcpu=cortex-a9 -mfpu=vfpv3 -mfloat-abi=hard   -O2 -c -c qspi.c -o qspi.o -Izynq_fsbl_bsp/ps7_
TRACE::2026-02-22.11:34:28::SCWBDomain::cortexa9_0/include -I.

TRACE::2026-02-22.11:34:28::SCWBDomain::arm-none-eabi-gcc -MMD -MP       -mcpu=cortex-a9 -mfpu=vfpv3 -mfloat-abi=hard   -O2 -c -c ps7_init.c -o ps7_init.o -Izynq_fsbl_
TRACE::2026-02-22.11:34:28::SCWBDomain::bsp/ps7_cortexa9_0/include -I.

TRACE::2026-02-22.11:34:28::SCWBDomain::arm-none-eabi-gcc -MMD -MP       -mcpu=cortex-a9 -mfpu=vfpv3 -mfloat-abi=hard   -O2 -c -c pcap.c -o pcap.o -Izynq_fsbl_bsp/ps7_
TRACE::2026-02-22.11:34:28::SCWBDomain::cortexa9_0/include -I.

TRACE::2026-02-22.11:34:28::SCWBDomain::arm-none-eabi-gcc -MMD -MP       -mcpu=cortex-a9 -mfpu=vfpv3 -mfloat-abi=hard   -O2 -c -c fsbl_handoff.S -o fsbl_handoff.o -Izy
TRACE::2026-02-22.11:34:28::SCWBDomain::nq_fsbl_bsp/ps7_cortexa9_0/include -I.

TRACE::2026-02-22.11:34:28::SCWBDomain::arm-none-eabi-gcc -o fsbl.elf  sd.o  nand.o  nor.o  image_mover.o  md5.o  fsbl_hooks.o  main.o  rsa.o  qspi.o  ps7_init.o  pcap
TRACE::2026-02-22.11:34:28::SCWBDomain::.o  fsbl_handoff.o -MMD -MP       -mcpu=cortex-a9 -mfpu=vfpv3 -mfloat-abi=hard   -mcpu=cortex-a9 -mfpu=vfpv3 -mfloat-abi=hard -
TRACE::2026-02-22.11:34:28::SCWBDomain::Wl,-build-id=none -specs=Xilinx.spec  -lrsa -Wl,--start-group,-lxil,-lgcc,-lc,--end-group -Wl,--start-group,-lxilffs,-lxil,-lgc
TRACE::2026-02-22.11:34:28::SCWBDomain::c,-lc,--end-group -Wl,--start-group,-lrsa,-lxil,-lgcc,-lc,--end-group                                    -Wl,--gc-sections -Lzy
TRACE::2026-02-22.11:34:28::SCWBDomain::nq_fsbl_bsp/ps7_cortexa9_0/lib -L./ -Tlscript.ld

LOG::2026-02-22.11:34:28::SCWSystem::Checking the domain standalone_ps7_cortexa9_0
LOG::2026-02-22.11:34:28::SCWSystem::Not a boot domain 
LOG::2026-02-22.11:34:28::SCWSystem::Started Processing the domain standalone_ps7_cortexa9_0
TRACE::2026-02-22.11:34:28::SCWDomain::Generating domain artifcats
TRACE::2026-02-22.11:34:28::SCWMssOS::Generating standalone artifcats
TRACE::2026-02-22.11:34:28::SCWMssOS::Copying the qemu file from  D:/Xilinx/Vitis/2021.1/data/emulation/platforms/zynq/sw/a9_standalone/qemu/qemu_args.txt To C:/Users/jorda/VivadoProjects/SavedProjects/project_1a/p1aVITIS/design_1_wrapper/export/design_1_wrapper/sw/design_1_wrapper/qemu/
TRACE::2026-02-22.11:34:28::SCWMssOS::Copying the qemu file from  D:/Xilinx/Vitis/2021.1/data/emulation/platforms/zynq/sw/a9_standalone/qemu/qemu_args.txt To C:/Users/jorda/VivadoProjects/SavedProjects/project_1a/p1aVITIS/design_1_wrapper/export/design_1_wrapper/sw/design_1_wrapper/standalone_ps7_cortexa9_0/qemu/
TRACE::2026-02-22.11:34:28::SCWMssOS:: Copying the user libraries. 
TRACE::2026-02-22.11:34:28::SCWPlatform::Trying to open the hw design at C:/Users/jorda/VivadoProjects/SavedProjects/project_1a/p1aVITIS/design_1_wrapper/hw/design_1_wrapper.xsa
TRACE::2026-02-22.11:34:28::SCWPlatform::DSA given C:/Users/jorda/VivadoProjects/SavedProjects/project_1a/p1aVITIS/design_1_wrapper/hw/design_1_wrapper.xsa
TRACE::2026-02-22.11:34:28::SCWPlatform::DSA absoulate path C:/Users/jorda/VivadoProjects/SavedProjects/project_1a/p1aVITIS/design_1_wrapper/hw/design_1_wrapper.xsa
TRACE::2026-02-22.11:34:28::SCWPlatform::DSA directory C:/Users/jorda/VivadoProjects/SavedProjects/project_1a/p1aVITIS/design_1_wrapper/hw
TRACE::2026-02-22.11:34:28::SCWPlatform:: Platform Path C:/Users/jorda/VivadoProjects/SavedProjects/project_1a/p1aVITIS/design_1_wrapper/hw/design_1_wrapper.xsa
TRACE::2026-02-22.11:34:28::SCWPlatform:: Unique name xilinx:zybo-z7-10::0.0
TRACE::2026-02-22.11:34:28::SCWPlatform::Trying to set the existing hwdb with name design_1_wrapper_0
TRACE::2026-02-22.11:34:28::SCWPlatform::Opened existing hwdb design_1_wrapper_0
TRACE::2026-02-22.11:34:28::SCWPlatform::Found the Hw Db part of the input DSA
TRACE::2026-02-22.11:34:28::SCWMssOS::Checking the sw design at  C:/Users/jorda/VivadoProjects/SavedProjects/project_1a/p1aVITIS/design_1_wrapper/ps7_cortexa9_0/standalone_ps7_cortexa9_0/bsp/system.mss
TRACE::2026-02-22.11:34:28::SCWMssOS::DEBUG:  swdes dump  C:/Users/jorda/VivadoProjects/SavedProjects/project_1a/p1aVITIS/design_1_wrapper/ps7_cortexa9_0/standalone_ps7_cortexa9_0/bsp/system.mss|system_0||
C:/Users/jorda/VivadoProjects/SavedProjects/project_1a/p1aVITIS/design_1_wrapper/zynq_fsbl/zynq_fsbl_bsp/system.mss|system||

TRACE::2026-02-22.11:34:28::SCWMssOS::Sw design exists and opened at  C:/Users/jorda/VivadoProjects/SavedProjects/project_1a/p1aVITIS/design_1_wrapper/ps7_cortexa9_0/standalone_ps7_cortexa9_0/bsp/system.mss
TRACE::2026-02-22.11:34:28::SCWMssOS::Completed writing the mss file at C:/Users/jorda/VivadoProjects/SavedProjects/project_1a/p1aVITIS/design_1_wrapper/ps7_cortexa9_0/standalone_ps7_cortexa9_0/bsp
TRACE::2026-02-22.11:34:28::SCWMssOS::Mss edits present, copying mssfile into export location C:/Users/jorda/VivadoProjects/SavedProjects/project_1a/p1aVITIS/design_1_wrapper/ps7_cortexa9_0/standalone_ps7_cortexa9_0/bsp/system.mss
TRACE::2026-02-22.11:34:28::SCWMssOS::bsp generated is upto date with the mss file. Skipping bsp generation.
TRACE::2026-02-22.11:34:28::SCWMssOS::BSP is already built. skipping the bsp build ... 
TRACE::2026-02-22.11:34:28::SCWDomain::Building the domain as part of full build :  standalone_ps7_cortexa9_0
TRACE::2026-02-22.11:34:28::SCWMssOS::doing bsp build ... 
TRACE::2026-02-22.11:34:28::SCWMssOS::System Command Ran  C: & cd  C:/Users/jorda/VivadoProjects/SavedProjects/project_1a/p1aVITIS/design_1_wrapper/ps7_cortexa9_0/standalone_ps7_cortexa9_0/bsp & make 
TRACE::2026-02-22.11:34:28::SCWMssOS::make --no-print-directory seq_libs

TRACE::2026-02-22.11:34:28::SCWMssOS::"Running Make include in ps7_cortexa9_0/libsrc/AUP_advanced_SoC_v1_0/src"

TRACE::2026-02-22.11:34:28::SCWMssOS::make -C ps7_cortexa9_0/libsrc/AUP_advanced_SoC_v1_0/src -s include  "SHELL=CMD" "COMPILER=arm-none-eabi-gcc" "ASSEMBLER=arm-non
TRACE::2026-02-22.11:34:28::SCWMssOS::e-eabi-as" "ARCHIVER=arm-none-eabi-ar" "COMPILER_FLAGS=  -O2 -c" "EXTRA_COMPILER_FLAGS=-mcpu=cortex-a9 -mfpu=vfpv3 -mfloat-abi=
TRACE::2026-02-22.11:34:28::SCWMssOS::hard -nostartfiles -g -Wall -Wextra -fno-tree-loop-distribute-patterns"

TRACE::2026-02-22.11:34:28::SCWMssOS::"Running Make include in ps7_cortexa9_0/libsrc/coresightps_dcc_v1_8/src"

TRACE::2026-02-22.11:34:28::SCWMssOS::make -C ps7_cortexa9_0/libsrc/coresightps_dcc_v1_8/src -s include  "SHELL=CMD" "COMPILER=arm-none-eabi-gcc" "ASSEMBLER=arm-none
TRACE::2026-02-22.11:34:28::SCWMssOS::-eabi-as" "ARCHIVER=arm-none-eabi-ar" "COMPILER_FLAGS=  -O2 -c" "EXTRA_COMPILER_FLAGS=-mcpu=cortex-a9 -mfpu=vfpv3 -mfloat-abi=h
TRACE::2026-02-22.11:34:28::SCWMssOS::ard -nostartfiles -g -Wall -Wextra -fno-tree-loop-distribute-patterns"

TRACE::2026-02-22.11:34:28::SCWMssOS::"Running Make include in ps7_cortexa9_0/libsrc/cpu_cortexa9_v2_11/src"

TRACE::2026-02-22.11:34:28::SCWMssOS::make -C ps7_cortexa9_0/libsrc/cpu_cortexa9_v2_11/src -s include  "SHELL=CMD" "COMPILER=arm-none-eabi-gcc" "ASSEMBLER=arm-none-e
TRACE::2026-02-22.11:34:28::SCWMssOS::abi-as" "ARCHIVER=arm-none-eabi-ar" "COMPILER_FLAGS=  -O2 -c" "EXTRA_COMPILER_FLAGS=-mcpu=cortex-a9 -mfpu=vfpv3 -mfloat-abi=har
TRACE::2026-02-22.11:34:28::SCWMssOS::d -nostartfiles -g -Wall -Wextra -fno-tree-loop-distribute-patterns"

TRACE::2026-02-22.11:34:28::SCWMssOS::"Running Make include in ps7_cortexa9_0/libsrc/ddrps_v1_2/src"

TRACE::2026-02-22.11:34:28::SCWMssOS::make -C ps7_cortexa9_0/libsrc/ddrps_v1_2/src -s include  "SHELL=CMD" "COMPILER=arm-none-eabi-gcc" "ASSEMBLER=arm-none-eabi-as" 
TRACE::2026-02-22.11:34:28::SCWMssOS::"ARCHIVER=arm-none-eabi-ar" "COMPILER_FLAGS=  -O2 -c" "EXTRA_COMPILER_FLAGS=-mcpu=cortex-a9 -mfpu=vfpv3 -mfloat-abi=hard -nosta
TRACE::2026-02-22.11:34:28::SCWMssOS::rtfiles -g -Wall -Wextra -fno-tree-loop-distribute-patterns"

TRACE::2026-02-22.11:34:28::SCWMssOS::"Running Make include in ps7_cortexa9_0/libsrc/devcfg_v3_7/src"

TRACE::2026-02-22.11:34:28::SCWMssOS::make -C ps7_cortexa9_0/libsrc/devcfg_v3_7/src -s include  "SHELL=CMD" "COMPILER=arm-none-eabi-gcc" "ASSEMBLER=arm-none-eabi-as"
TRACE::2026-02-22.11:34:28::SCWMssOS:: "ARCHIVER=arm-none-eabi-ar" "COMPILER_FLAGS=  -O2 -c" "EXTRA_COMPILER_FLAGS=-mcpu=cortex-a9 -mfpu=vfpv3 -mfloat-abi=hard -nost
TRACE::2026-02-22.11:34:28::SCWMssOS::artfiles -g -Wall -Wextra -fno-tree-loop-distribute-patterns"

TRACE::2026-02-22.11:34:28::SCWMssOS::"Running Make include in ps7_cortexa9_0/libsrc/dmaps_v2_8/src"

TRACE::2026-02-22.11:34:28::SCWMssOS::make -C ps7_cortexa9_0/libsrc/dmaps_v2_8/src -s include  "SHELL=CMD" "COMPILER=arm-none-eabi-gcc" "ASSEMBLER=arm-none-eabi-as" 
TRACE::2026-02-22.11:34:28::SCWMssOS::"ARCHIVER=arm-none-eabi-ar" "COMPILER_FLAGS=  -O2 -c" "EXTRA_COMPILER_FLAGS=-mcpu=cortex-a9 -mfpu=vfpv3 -mfloat-abi=hard -nosta
TRACE::2026-02-22.11:34:28::SCWMssOS::rtfiles -g -Wall -Wextra -fno-tree-loop-distribute-patterns"

TRACE::2026-02-22.11:34:29::SCWMssOS::"Running Make include in ps7_cortexa9_0/libsrc/emacps_v3_14/src"

TRACE::2026-02-22.11:34:29::SCWMssOS::make -C ps7_cortexa9_0/libsrc/emacps_v3_14/src -s include  "SHELL=CMD" "COMPILER=arm-none-eabi-gcc" "ASSEMBLER=arm-none-eabi-as
TRACE::2026-02-22.11:34:29::SCWMssOS::" "ARCHIVER=arm-none-eabi-ar" "COMPILER_FLAGS=  -O2 -c" "EXTRA_COMPILER_FLAGS=-mcpu=cortex-a9 -mfpu=vfpv3 -mfloat-abi=hard -nos
TRACE::2026-02-22.11:34:29::SCWMssOS::tartfiles -g -Wall -Wextra -fno-tree-loop-distribute-patterns"

TRACE::2026-02-22.11:34:29::SCWMssOS::"Running Make include in ps7_cortexa9_0/libsrc/gpiops_v3_9/src"

TRACE::2026-02-22.11:34:29::SCWMssOS::make -C ps7_cortexa9_0/libsrc/gpiops_v3_9/src -s include  "SHELL=CMD" "COMPILER=arm-none-eabi-gcc" "ASSEMBLER=arm-none-eabi-as"
TRACE::2026-02-22.11:34:29::SCWMssOS:: "ARCHIVER=arm-none-eabi-ar" "COMPILER_FLAGS=  -O2 -c" "EXTRA_COMPILER_FLAGS=-mcpu=cortex-a9 -mfpu=vfpv3 -mfloat-abi=hard -nost
TRACE::2026-02-22.11:34:29::SCWMssOS::artfiles -g -Wall -Wextra -fno-tree-loop-distribute-patterns"

TRACE::2026-02-22.11:34:29::SCWMssOS::"Running Make include in ps7_cortexa9_0/libsrc/qspips_v3_9/src"

TRACE::2026-02-22.11:34:29::SCWMssOS::make -C ps7_cortexa9_0/libsrc/qspips_v3_9/src -s include  "SHELL=CMD" "COMPILER=arm-none-eabi-gcc" "ASSEMBLER=arm-none-eabi-as"
TRACE::2026-02-22.11:34:29::SCWMssOS:: "ARCHIVER=arm-none-eabi-ar" "COMPILER_FLAGS=  -O2 -c" "EXTRA_COMPILER_FLAGS=-mcpu=cortex-a9 -mfpu=vfpv3 -mfloat-abi=hard -nost
TRACE::2026-02-22.11:34:29::SCWMssOS::artfiles -g -Wall -Wextra -fno-tree-loop-distribute-patterns"

TRACE::2026-02-22.11:34:29::SCWMssOS::"Running Make include in ps7_cortexa9_0/libsrc/scugic_v4_5/src"

TRACE::2026-02-22.11:34:29::SCWMssOS::make -C ps7_cortexa9_0/libsrc/scugic_v4_5/src -s include  "SHELL=CMD" "COMPILER=arm-none-eabi-gcc" "ASSEMBLER=arm-none-eabi-as"
TRACE::2026-02-22.11:34:29::SCWMssOS:: "ARCHIVER=arm-none-eabi-ar" "COMPILER_FLAGS=  -O2 -c" "EXTRA_COMPILER_FLAGS=-mcpu=cortex-a9 -mfpu=vfpv3 -mfloat-abi=hard -nost
TRACE::2026-02-22.11:34:29::SCWMssOS::artfiles -g -Wall -Wextra -fno-tree-loop-distribute-patterns"

TRACE::2026-02-22.11:34:29::SCWMssOS::"Running Make include in ps7_cortexa9_0/libsrc/scutimer_v2_3/src"

TRACE::2026-02-22.11:34:29::SCWMssOS::make -C ps7_cortexa9_0/libsrc/scutimer_v2_3/src -s include  "SHELL=CMD" "COMPILER=arm-none-eabi-gcc" "ASSEMBLER=arm-none-eabi-a
TRACE::2026-02-22.11:34:29::SCWMssOS::s" "ARCHIVER=arm-none-eabi-ar" "COMPILER_FLAGS=  -O2 -c" "EXTRA_COMPILER_FLAGS=-mcpu=cortex-a9 -mfpu=vfpv3 -mfloat-abi=hard -no
TRACE::2026-02-22.11:34:29::SCWMssOS::startfiles -g -Wall -Wextra -fno-tree-loop-distribute-patterns"

TRACE::2026-02-22.11:34:29::SCWMssOS::"Running Make include in ps7_cortexa9_0/libsrc/scuwdt_v2_4/src"

TRACE::2026-02-22.11:34:29::SCWMssOS::make -C ps7_cortexa9_0/libsrc/scuwdt_v2_4/src -s include  "SHELL=CMD" "COMPILER=arm-none-eabi-gcc" "ASSEMBLER=arm-none-eabi-as"
TRACE::2026-02-22.11:34:29::SCWMssOS:: "ARCHIVER=arm-none-eabi-ar" "COMPILER_FLAGS=  -O2 -c" "EXTRA_COMPILER_FLAGS=-mcpu=cortex-a9 -mfpu=vfpv3 -mfloat-abi=hard -nost
TRACE::2026-02-22.11:34:29::SCWMssOS::artfiles -g -Wall -Wextra -fno-tree-loop-distribute-patterns"

TRACE::2026-02-22.11:34:29::SCWMssOS::"Running Make include in ps7_cortexa9_0/libsrc/sdps_v3_12/src"

TRACE::2026-02-22.11:34:29::SCWMssOS::make -C ps7_cortexa9_0/libsrc/sdps_v3_12/src -s include  "SHELL=CMD" "COMPILER=arm-none-eabi-gcc" "ASSEMBLER=arm-none-eabi-as" 
TRACE::2026-02-22.11:34:29::SCWMssOS::"ARCHIVER=arm-none-eabi-ar" "COMPILER_FLAGS=  -O2 -c" "EXTRA_COMPILER_FLAGS=-mcpu=cortex-a9 -mfpu=vfpv3 -mfloat-abi=hard -nosta
TRACE::2026-02-22.11:34:29::SCWMssOS::rtfiles -g -Wall -Wextra -fno-tree-loop-distribute-patterns"

TRACE::2026-02-22.11:34:29::SCWMssOS::"Running Make include in ps7_cortexa9_0/libsrc/standalone_v7_5/src"

TRACE::2026-02-22.11:34:29::SCWMssOS::make -C ps7_cortexa9_0/libsrc/standalone_v7_5/src -s include  "SHELL=CMD" "COMPILER=arm-none-eabi-gcc" "ASSEMBLER=arm-none-eabi
TRACE::2026-02-22.11:34:29::SCWMssOS::-as" "ARCHIVER=arm-none-eabi-ar" "COMPILER_FLAGS=  -O2 -c" "EXTRA_COMPILER_FLAGS=-mcpu=cortex-a9 -mfpu=vfpv3 -mfloat-abi=hard -
TRACE::2026-02-22.11:34:29::SCWMssOS::nostartfiles -g -Wall -Wextra -fno-tree-loop-distribute-patterns"

TRACE::2026-02-22.11:34:30::SCWMssOS::"Running Make include in ps7_cortexa9_0/libsrc/uartps_v3_11/src"

TRACE::2026-02-22.11:34:30::SCWMssOS::make -C ps7_cortexa9_0/libsrc/uartps_v3_11/src -s include  "SHELL=CMD" "COMPILER=arm-none-eabi-gcc" "ASSEMBLER=arm-none-eabi-as
TRACE::2026-02-22.11:34:30::SCWMssOS::" "ARCHIVER=arm-none-eabi-ar" "COMPILER_FLAGS=  -O2 -c" "EXTRA_COMPILER_FLAGS=-mcpu=cortex-a9 -mfpu=vfpv3 -mfloat-abi=hard -nos
TRACE::2026-02-22.11:34:30::SCWMssOS::tartfiles -g -Wall -Wextra -fno-tree-loop-distribute-patterns"

TRACE::2026-02-22.11:34:30::SCWMssOS::"Running Make include in ps7_cortexa9_0/libsrc/usbps_v2_7/src"

TRACE::2026-02-22.11:34:30::SCWMssOS::make -C ps7_cortexa9_0/libsrc/usbps_v2_7/src -s include  "SHELL=CMD" "COMPILER=arm-none-eabi-gcc" "ASSEMBLER=arm-none-eabi-as" 
TRACE::2026-02-22.11:34:30::SCWMssOS::"ARCHIVER=arm-none-eabi-ar" "COMPILER_FLAGS=  -O2 -c" "EXTRA_COMPILER_FLAGS=-mcpu=cortex-a9 -mfpu=vfpv3 -mfloat-abi=hard -nosta
TRACE::2026-02-22.11:34:30::SCWMssOS::rtfiles -g -Wall -Wextra -fno-tree-loop-distribute-patterns"

TRACE::2026-02-22.11:34:30::SCWMssOS::"Running Make include in ps7_cortexa9_0/libsrc/xadcps_v2_6/src"

TRACE::2026-02-22.11:34:30::SCWMssOS::make -C ps7_cortexa9_0/libsrc/xadcps_v2_6/src -s include  "SHELL=CMD" "COMPILER=arm-none-eabi-gcc" "ASSEMBLER=arm-none-eabi-as"
TRACE::2026-02-22.11:34:30::SCWMssOS:: "ARCHIVER=arm-none-eabi-ar" "COMPILER_FLAGS=  -O2 -c" "EXTRA_COMPILER_FLAGS=-mcpu=cortex-a9 -mfpu=vfpv3 -mfloat-abi=hard -nost
TRACE::2026-02-22.11:34:30::SCWMssOS::artfiles -g -Wall -Wextra -fno-tree-loop-distribute-patterns"

TRACE::2026-02-22.11:34:30::SCWMssOS::"Running Make libs in ps7_cortexa9_0/libsrc/AUP_advanced_SoC_v1_0/src"

TRACE::2026-02-22.11:34:30::SCWMssOS::make -C ps7_cortexa9_0/libsrc/AUP_advanced_SoC_v1_0/src -s libs  "SHELL=CMD" "COMPILER=arm-none-eabi-gcc" "ASSEMBLER=arm-none-e
TRACE::2026-02-22.11:34:30::SCWMssOS::abi-as" "ARCHIVER=arm-none-eabi-ar" "COMPILER_FLAGS=  -O2 -c" "EXTRA_COMPILER_FLAGS=-mcpu=cortex-a9 -mfpu=vfpv3 -mfloat-abi=har
TRACE::2026-02-22.11:34:30::SCWMssOS::d -nostartfiles -g -Wall -Wextra -fno-tree-loop-distribute-patterns"

TRACE::2026-02-22.11:34:30::SCWMssOS::"Compiling axi_gpio_asoc..."

TRACE::2026-02-22.11:34:30::SCWMssOS::'Finished building libraries sequentially.'

TRACE::2026-02-22.11:34:30::SCWMssOS::make -j 14 --no-print-directory par_libs

TRACE::2026-02-22.11:34:30::SCWMssOS::"Running Make include in ps7_cortexa9_0/libsrc/AUP_advanced_SoC_v1_0/src"

TRACE::2026-02-22.11:34:30::SCWMssOS::make -C ps7_cortexa9_0/libsrc/AUP_advanced_SoC_v1_0/src -s include  "SHELL=CMD" "COMPILER=arm-none-eabi-gcc" "ASSEMBLER=arm-non
TRACE::2026-02-22.11:34:30::SCWMssOS::e-eabi-as" "ARCHIVER=arm-none-eabi-ar" "COMPILER_FLAGS=  -O2 -c" "EXTRA_COMPILER_FLAGS=-mcpu=cortex-a9 -mfpu=vfpv3 -mfloat-abi=
TRACE::2026-02-22.11:34:30::SCWMssOS::hard -nostartfiles -g -Wall -Wextra -fno-tree-loop-distribute-patterns"

TRACE::2026-02-22.11:34:30::SCWMssOS::"Running Make include in ps7_cortexa9_0/libsrc/coresightps_dcc_v1_8/src"

TRACE::2026-02-22.11:34:30::SCWMssOS::make -C ps7_cortexa9_0/libsrc/coresightps_dcc_v1_8/src -s include  "SHELL=CMD" "COMPILER=arm-none-eabi-gcc" "ASSEMBLER=arm-none
TRACE::2026-02-22.11:34:30::SCWMssOS::-eabi-as" "ARCHIVER=arm-none-eabi-ar" "COMPILER_FLAGS=  -O2 -c" "EXTRA_COMPILER_FLAGS=-mcpu=cortex-a9 -mfpu=vfpv3 -mfloat-abi=h
TRACE::2026-02-22.11:34:30::SCWMssOS::ard -nostartfiles -g -Wall -Wextra -fno-tree-loop-distribute-patterns"

TRACE::2026-02-22.11:34:30::SCWMssOS::"Running Make include in ps7_cortexa9_0/libsrc/cpu_cortexa9_v2_11/src"

TRACE::2026-02-22.11:34:30::SCWMssOS::make -C ps7_cortexa9_0/libsrc/cpu_cortexa9_v2_11/src -s include  "SHELL=CMD" "COMPILER=arm-none-eabi-gcc" "ASSEMBLER=arm-none-e
TRACE::2026-02-22.11:34:30::SCWMssOS::abi-as" "ARCHIVER=arm-none-eabi-ar" "COMPILER_FLAGS=  -O2 -c" "EXTRA_COMPILER_FLAGS=-mcpu=cortex-a9 -mfpu=vfpv3 -mfloat-abi=har
TRACE::2026-02-22.11:34:30::SCWMssOS::d -nostartfiles -g -Wall -Wextra -fno-tree-loop-distribute-patterns"

TRACE::2026-02-22.11:34:30::SCWMssOS::"Running Make include in ps7_cortexa9_0/libsrc/ddrps_v1_2/src"

TRACE::2026-02-22.11:34:30::SCWMssOS::make -C ps7_cortexa9_0/libsrc/ddrps_v1_2/src -s include  "SHELL=CMD" "COMPILER=arm-none-eabi-gcc" "ASSEMBLER=arm-none-eabi-as" 
TRACE::2026-02-22.11:34:30::SCWMssOS::"ARCHIVER=arm-none-eabi-ar" "COMPILER_FLAGS=  -O2 -c" "EXTRA_COMPILER_FLAGS=-mcpu=cortex-a9 -mfpu=vfpv3 -mfloat-abi=hard -nosta
TRACE::2026-02-22.11:34:30::SCWMssOS::rtfiles -g -Wall -Wextra -fno-tree-loop-distribute-patterns"

TRACE::2026-02-22.11:34:30::SCWMssOS::"Running Make include in ps7_cortexa9_0/libsrc/devcfg_v3_7/src"

TRACE::2026-02-22.11:34:30::SCWMssOS::make -C ps7_cortexa9_0/libsrc/devcfg_v3_7/src -s include  "SHELL=CMD" "COMPILER=arm-none-eabi-gcc" "ASSEMBLER=arm-none-eabi-as"
TRACE::2026-02-22.11:34:30::SCWMssOS:: "ARCHIVER=arm-none-eabi-ar" "COMPILER_FLAGS=  -O2 -c" "EXTRA_COMPILER_FLAGS=-mcpu=cortex-a9 -mfpu=vfpv3 -mfloat-abi=hard -nost
TRACE::2026-02-22.11:34:30::SCWMssOS::artfiles -g -Wall -Wextra -fno-tree-loop-distribute-patterns"

TRACE::2026-02-22.11:34:30::SCWMssOS::"Running Make include in ps7_cortexa9_0/libsrc/dmaps_v2_8/src"

TRACE::2026-02-22.11:34:30::SCWMssOS::make -C ps7_cortexa9_0/libsrc/dmaps_v2_8/src -s include  "SHELL=CMD" "COMPILER=arm-none-eabi-gcc" "ASSEMBLER=arm-none-eabi-as" 
TRACE::2026-02-22.11:34:30::SCWMssOS::"ARCHIVER=arm-none-eabi-ar" "COMPILER_FLAGS=  -O2 -c" "EXTRA_COMPILER_FLAGS=-mcpu=cortex-a9 -mfpu=vfpv3 -mfloat-abi=hard -nosta
TRACE::2026-02-22.11:34:30::SCWMssOS::rtfiles -g -Wall -Wextra -fno-tree-loop-distribute-patterns"

TRACE::2026-02-22.11:34:30::SCWMssOS::"Running Make include in ps7_cortexa9_0/libsrc/emacps_v3_14/src"

TRACE::2026-02-22.11:34:30::SCWMssOS::make -C ps7_cortexa9_0/libsrc/emacps_v3_14/src -s include  "SHELL=CMD" "COMPILER=arm-none-eabi-gcc" "ASSEMBLER=arm-none-eabi-as
TRACE::2026-02-22.11:34:30::SCWMssOS::" "ARCHIVER=arm-none-eabi-ar" "COMPILER_FLAGS=  -O2 -c" "EXTRA_COMPILER_FLAGS=-mcpu=cortex-a9 -mfpu=vfpv3 -mfloat-abi=hard -nos
TRACE::2026-02-22.11:34:30::SCWMssOS::tartfiles -g -Wall -Wextra -fno-tree-loop-distribute-patterns"

TRACE::2026-02-22.11:34:30::SCWMssOS::"Running Make include in ps7_cortexa9_0/libsrc/gpiops_v3_9/src"

TRACE::2026-02-22.11:34:30::SCWMssOS::make -C ps7_cortexa9_0/libsrc/gpiops_v3_9/src -s include  "SHELL=CMD" "COMPILER=arm-none-eabi-gcc" "ASSEMBLER=arm-none-eabi-as"
TRACE::2026-02-22.11:34:30::SCWMssOS:: "ARCHIVER=arm-none-eabi-ar" "COMPILER_FLAGS=  -O2 -c" "EXTRA_COMPILER_FLAGS=-mcpu=cortex-a9 -mfpu=vfpv3 -mfloat-abi=hard -nost
TRACE::2026-02-22.11:34:30::SCWMssOS::artfiles -g -Wall -Wextra -fno-tree-loop-distribute-patterns"

TRACE::2026-02-22.11:34:31::SCWMssOS::"Running Make include in ps7_cortexa9_0/libsrc/qspips_v3_9/src"

TRACE::2026-02-22.11:34:31::SCWMssOS::make -C ps7_cortexa9_0/libsrc/qspips_v3_9/src -s include  "SHELL=CMD" "COMPILER=arm-none-eabi-gcc" "ASSEMBLER=arm-none-eabi-as"
TRACE::2026-02-22.11:34:31::SCWMssOS:: "ARCHIVER=arm-none-eabi-ar" "COMPILER_FLAGS=  -O2 -c" "EXTRA_COMPILER_FLAGS=-mcpu=cortex-a9 -mfpu=vfpv3 -mfloat-abi=hard -nost
TRACE::2026-02-22.11:34:31::SCWMssOS::artfiles -g -Wall -Wextra -fno-tree-loop-distribute-patterns"

TRACE::2026-02-22.11:34:31::SCWMssOS::"Running Make include in ps7_cortexa9_0/libsrc/scugic_v4_5/src"

TRACE::2026-02-22.11:34:31::SCWMssOS::make -C ps7_cortexa9_0/libsrc/scugic_v4_5/src -s include  "SHELL=CMD" "COMPILER=arm-none-eabi-gcc" "ASSEMBLER=arm-none-eabi-as"
TRACE::2026-02-22.11:34:31::SCWMssOS:: "ARCHIVER=arm-none-eabi-ar" "COMPILER_FLAGS=  -O2 -c" "EXTRA_COMPILER_FLAGS=-mcpu=cortex-a9 -mfpu=vfpv3 -mfloat-abi=hard -nost
TRACE::2026-02-22.11:34:31::SCWMssOS::artfiles -g -Wall -Wextra -fno-tree-loop-distribute-patterns"

TRACE::2026-02-22.11:34:31::SCWMssOS::"Running Make include in ps7_cortexa9_0/libsrc/scutimer_v2_3/src"

TRACE::2026-02-22.11:34:31::SCWMssOS::make -C ps7_cortexa9_0/libsrc/scutimer_v2_3/src -s include  "SHELL=CMD" "COMPILER=arm-none-eabi-gcc" "ASSEMBLER=arm-none-eabi-a
TRACE::2026-02-22.11:34:31::SCWMssOS::s" "ARCHIVER=arm-none-eabi-ar" "COMPILER_FLAGS=  -O2 -c" "EXTRA_COMPILER_FLAGS=-mcpu=cortex-a9 -mfpu=vfpv3 -mfloat-abi=hard -no
TRACE::2026-02-22.11:34:31::SCWMssOS::startfiles -g -Wall -Wextra -fno-tree-loop-distribute-patterns"

TRACE::2026-02-22.11:34:31::SCWMssOS::"Running Make include in ps7_cortexa9_0/libsrc/scuwdt_v2_4/src"

TRACE::2026-02-22.11:34:31::SCWMssOS::make -C ps7_cortexa9_0/libsrc/scuwdt_v2_4/src -s include  "SHELL=CMD" "COMPILER=arm-none-eabi-gcc" "ASSEMBLER=arm-none-eabi-as"
TRACE::2026-02-22.11:34:31::SCWMssOS:: "ARCHIVER=arm-none-eabi-ar" "COMPILER_FLAGS=  -O2 -c" "EXTRA_COMPILER_FLAGS=-mcpu=cortex-a9 -mfpu=vfpv3 -mfloat-abi=hard -nost
TRACE::2026-02-22.11:34:31::SCWMssOS::artfiles -g -Wall -Wextra -fno-tree-loop-distribute-patterns"

TRACE::2026-02-22.11:34:31::SCWMssOS::"Running Make include in ps7_cortexa9_0/libsrc/sdps_v3_12/src"

TRACE::2026-02-22.11:34:31::SCWMssOS::make -C ps7_cortexa9_0/libsrc/sdps_v3_12/src -s include  "SHELL=CMD" "COMPILER=arm-none-eabi-gcc" "ASSEMBLER=arm-none-eabi-as" 
TRACE::2026-02-22.11:34:31::SCWMssOS::"ARCHIVER=arm-none-eabi-ar" "COMPILER_FLAGS=  -O2 -c" "EXTRA_COMPILER_FLAGS=-mcpu=cortex-a9 -mfpu=vfpv3 -mfloat-abi=hard -nosta
TRACE::2026-02-22.11:34:31::SCWMssOS::rtfiles -g -Wall -Wextra -fno-tree-loop-distribute-patterns"

TRACE::2026-02-22.11:34:31::SCWMssOS::"Running Make include in ps7_cortexa9_0/libsrc/standalone_v7_5/src"

TRACE::2026-02-22.11:34:31::SCWMssOS::make -C ps7_cortexa9_0/libsrc/standalone_v7_5/src -s include  "SHELL=CMD" "COMPILER=arm-none-eabi-gcc" "ASSEMBLER=arm-none-eabi
TRACE::2026-02-22.11:34:31::SCWMssOS::-as" "ARCHIVER=arm-none-eabi-ar" "COMPILER_FLAGS=  -O2 -c" "EXTRA_COMPILER_FLAGS=-mcpu=cortex-a9 -mfpu=vfpv3 -mfloat-abi=hard -
TRACE::2026-02-22.11:34:31::SCWMssOS::nostartfiles -g -Wall -Wextra -fno-tree-loop-distribute-patterns"

TRACE::2026-02-22.11:34:31::SCWMssOS::"Running Make include in ps7_cortexa9_0/libsrc/uartps_v3_11/src"

TRACE::2026-02-22.11:34:31::SCWMssOS::make -C ps7_cortexa9_0/libsrc/uartps_v3_11/src -s include  "SHELL=CMD" "COMPILER=arm-none-eabi-gcc" "ASSEMBLER=arm-none-eabi-as
TRACE::2026-02-22.11:34:31::SCWMssOS::" "ARCHIVER=arm-none-eabi-ar" "COMPILER_FLAGS=  -O2 -c" "EXTRA_COMPILER_FLAGS=-mcpu=cortex-a9 -mfpu=vfpv3 -mfloat-abi=hard -nos
TRACE::2026-02-22.11:34:31::SCWMssOS::tartfiles -g -Wall -Wextra -fno-tree-loop-distribute-patterns"

TRACE::2026-02-22.11:34:31::SCWMssOS::"Running Make include in ps7_cortexa9_0/libsrc/usbps_v2_7/src"

TRACE::2026-02-22.11:34:31::SCWMssOS::make -C ps7_cortexa9_0/libsrc/usbps_v2_7/src -s include  "SHELL=CMD" "COMPILER=arm-none-eabi-gcc" "ASSEMBLER=arm-none-eabi-as" 
TRACE::2026-02-22.11:34:31::SCWMssOS::"ARCHIVER=arm-none-eabi-ar" "COMPILER_FLAGS=  -O2 -c" "EXTRA_COMPILER_FLAGS=-mcpu=cortex-a9 -mfpu=vfpv3 -mfloat-abi=hard -nosta
TRACE::2026-02-22.11:34:31::SCWMssOS::rtfiles -g -Wall -Wextra -fno-tree-loop-distribute-patterns"

TRACE::2026-02-22.11:34:31::SCWMssOS::"Running Make include in ps7_cortexa9_0/libsrc/xadcps_v2_6/src"

TRACE::2026-02-22.11:34:31::SCWMssOS::make -C ps7_cortexa9_0/libsrc/xadcps_v2_6/src -s include  "SHELL=CMD" "COMPILER=arm-none-eabi-gcc" "ASSEMBLER=arm-none-eabi-as"
TRACE::2026-02-22.11:34:31::SCWMssOS:: "ARCHIVER=arm-none-eabi-ar" "COMPILER_FLAGS=  -O2 -c" "EXTRA_COMPILER_FLAGS=-mcpu=cortex-a9 -mfpu=vfpv3 -mfloat-abi=hard -nost
TRACE::2026-02-22.11:34:31::SCWMssOS::artfiles -g -Wall -Wextra -fno-tree-loop-distribute-patterns"

TRACE::2026-02-22.11:34:31::SCWMssOS::"Running Make libs in ps7_cortexa9_0/libsrc/coresightps_dcc_v1_8/src"

TRACE::2026-02-22.11:34:31::SCWMssOS::make -C ps7_cortexa9_0/libsrc/coresightps_dcc_v1_8/src -s libs  "SHELL=CMD" "COMPILER=arm-none-eabi-gcc" "ASSEMBLER=arm-none-ea
TRACE::2026-02-22.11:34:31::SCWMssOS::bi-as" "ARCHIVER=arm-none-eabi-ar" "COMPILER_FLAGS=  -O2 -c" "EXTRA_COMPILER_FLAGS=-mcpu=cortex-a9 -mfpu=vfpv3 -mfloat-abi=hard
TRACE::2026-02-22.11:34:31::SCWMssOS:: -nostartfiles -g -Wall -Wextra -fno-tree-loop-distribute-patterns"

TRACE::2026-02-22.11:34:31::SCWMssOS::"Running Make libs in ps7_cortexa9_0/libsrc/cpu_cortexa9_v2_11/src"

TRACE::2026-02-22.11:34:31::SCWMssOS::make -C ps7_cortexa9_0/libsrc/cpu_cortexa9_v2_11/src -s libs  "SHELL=CMD" "COMPILER=arm-none-eabi-gcc" "ASSEMBLER=arm-none-eabi
TRACE::2026-02-22.11:34:31::SCWMssOS::-as" "ARCHIVER=arm-none-eabi-ar" "COMPILER_FLAGS=  -O2 -c" "EXTRA_COMPILER_FLAGS=-mcpu=cortex-a9 -mfpu=vfpv3 -mfloat-abi=hard -
TRACE::2026-02-22.11:34:31::SCWMssOS::nostartfiles -g -Wall -Wextra -fno-tree-loop-distribute-patterns"

TRACE::2026-02-22.11:34:31::SCWMssOS::"Running Make libs in ps7_cortexa9_0/libsrc/ddrps_v1_2/src"

TRACE::2026-02-22.11:34:31::SCWMssOS::make -C ps7_cortexa9_0/libsrc/ddrps_v1_2/src -s libs  "SHELL=CMD" "COMPILER=arm-none-eabi-gcc" "ASSEMBLER=arm-none-eabi-as" "AR
TRACE::2026-02-22.11:34:31::SCWMssOS::CHIVER=arm-none-eabi-ar" "COMPILER_FLAGS=  -O2 -c" "EXTRA_COMPILER_FLAGS=-mcpu=cortex-a9 -mfpu=vfpv3 -mfloat-abi=hard -nostartf
TRACE::2026-02-22.11:34:31::SCWMssOS::iles -g -Wall -Wextra -fno-tree-loop-distribute-patterns"

TRACE::2026-02-22.11:34:31::SCWMssOS::"Running Make libs in ps7_cortexa9_0/libsrc/devcfg_v3_7/src"

TRACE::2026-02-22.11:34:31::SCWMssOS::make -C ps7_cortexa9_0/libsrc/devcfg_v3_7/src -s libs  "SHELL=CMD" "COMPILER=arm-none-eabi-gcc" "ASSEMBLER=arm-none-eabi-as" "A
TRACE::2026-02-22.11:34:31::SCWMssOS::RCHIVER=arm-none-eabi-ar" "COMPILER_FLAGS=  -O2 -c" "EXTRA_COMPILER_FLAGS=-mcpu=cortex-a9 -mfpu=vfpv3 -mfloat-abi=hard -nostart
TRACE::2026-02-22.11:34:31::SCWMssOS::files -g -Wall -Wextra -fno-tree-loop-distribute-patterns"

TRACE::2026-02-22.11:34:31::SCWMssOS::"Running Make libs in ps7_cortexa9_0/libsrc/dmaps_v2_8/src"

TRACE::2026-02-22.11:34:31::SCWMssOS::make -C ps7_cortexa9_0/libsrc/dmaps_v2_8/src -s libs  "SHELL=CMD" "COMPILER=arm-none-eabi-gcc" "ASSEMBLER=arm-none-eabi-as" "AR
TRACE::2026-02-22.11:34:31::SCWMssOS::CHIVER=arm-none-eabi-ar" "COMPILER_FLAGS=  -O2 -c" "EXTRA_COMPILER_FLAGS=-mcpu=cortex-a9 -mfpu=vfpv3 -mfloat-abi=hard -nostartf
TRACE::2026-02-22.11:34:31::SCWMssOS::iles -g -Wall -Wextra -fno-tree-loop-distribute-patterns"

TRACE::2026-02-22.11:34:31::SCWMssOS::"Running Make libs in ps7_cortexa9_0/libsrc/emacps_v3_14/src"

TRACE::2026-02-22.11:34:31::SCWMssOS::make -C ps7_cortexa9_0/libsrc/emacps_v3_14/src -s libs  "SHELL=CMD" "COMPILER=arm-none-eabi-gcc" "ASSEMBLER=arm-none-eabi-as" "
TRACE::2026-02-22.11:34:31::SCWMssOS::ARCHIVER=arm-none-eabi-ar" "COMPILER_FLAGS=  -O2 -c" "EXTRA_COMPILER_FLAGS=-mcpu=cortex-a9 -mfpu=vfpv3 -mfloat-abi=hard -nostar
TRACE::2026-02-22.11:34:31::SCWMssOS::tfiles -g -Wall -Wextra -fno-tree-loop-distribute-patterns"

TRACE::2026-02-22.11:34:31::SCWMssOS::"Running Make libs in ps7_cortexa9_0/libsrc/gpiops_v3_9/src"

TRACE::2026-02-22.11:34:31::SCWMssOS::make -C ps7_cortexa9_0/libsrc/gpiops_v3_9/src -s libs  "SHELL=CMD" "COMPILER=arm-none-eabi-gcc" "ASSEMBLER=arm-none-eabi-as" "A
TRACE::2026-02-22.11:34:31::SCWMssOS::RCHIVER=arm-none-eabi-ar" "COMPILER_FLAGS=  -O2 -c" "EXTRA_COMPILER_FLAGS=-mcpu=cortex-a9 -mfpu=vfpv3 -mfloat-abi=hard -nostart
TRACE::2026-02-22.11:34:31::SCWMssOS::files -g -Wall -Wextra -fno-tree-loop-distribute-patterns"

TRACE::2026-02-22.11:34:31::SCWMssOS::"Running Make libs in ps7_cortexa9_0/libsrc/qspips_v3_9/src"

TRACE::2026-02-22.11:34:31::SCWMssOS::make -C ps7_cortexa9_0/libsrc/qspips_v3_9/src -s libs  "SHELL=CMD" "COMPILER=arm-none-eabi-gcc" "ASSEMBLER=arm-none-eabi-as" "A
TRACE::2026-02-22.11:34:31::SCWMssOS::RCHIVER=arm-none-eabi-ar" "COMPILER_FLAGS=  -O2 -c" "EXTRA_COMPILER_FLAGS=-mcpu=cortex-a9 -mfpu=vfpv3 -mfloat-abi=hard -nostart
TRACE::2026-02-22.11:34:31::SCWMssOS::files -g -Wall -Wextra -fno-tree-loop-distribute-patterns"

TRACE::2026-02-22.11:34:31::SCWMssOS::"Running Make libs in ps7_cortexa9_0/libsrc/scugic_v4_5/src"

TRACE::2026-02-22.11:34:31::SCWMssOS::make -C ps7_cortexa9_0/libsrc/scugic_v4_5/src -s libs  "SHELL=CMD" "COMPILER=arm-none-eabi-gcc" "ASSEMBLER=arm-none-eabi-as" "A
TRACE::2026-02-22.11:34:31::SCWMssOS::RCHIVER=arm-none-eabi-ar" "COMPILER_FLAGS=  -O2 -c" "EXTRA_COMPILER_FLAGS=-mcpu=cortex-a9 -mfpu=vfpv3 -mfloat-abi=hard -nostart
TRACE::2026-02-22.11:34:31::SCWMssOS::files -g -Wall -Wextra -fno-tree-loop-distribute-patterns"

TRACE::2026-02-22.11:34:31::SCWMssOS::"Running Make libs in ps7_cortexa9_0/libsrc/scutimer_v2_3/src"

TRACE::2026-02-22.11:34:31::SCWMssOS::make -C ps7_cortexa9_0/libsrc/scutimer_v2_3/src -s libs  "SHELL=CMD" "COMPILER=arm-none-eabi-gcc" "ASSEMBLER=arm-none-eabi-as" 
TRACE::2026-02-22.11:34:31::SCWMssOS::"ARCHIVER=arm-none-eabi-ar" "COMPILER_FLAGS=  -O2 -c" "EXTRA_COMPILER_FLAGS=-mcpu=cortex-a9 -mfpu=vfpv3 -mfloat-abi=hard -nosta
TRACE::2026-02-22.11:34:31::SCWMssOS::rtfiles -g -Wall -Wextra -fno-tree-loop-distribute-patterns"

TRACE::2026-02-22.11:34:31::SCWMssOS::"Running Make libs in ps7_cortexa9_0/libsrc/scuwdt_v2_4/src"

TRACE::2026-02-22.11:34:31::SCWMssOS::make -C ps7_cortexa9_0/libsrc/scuwdt_v2_4/src -s libs  "SHELL=CMD" "COMPILER=arm-none-eabi-gcc" "ASSEMBLER=arm-none-eabi-as" "A
TRACE::2026-02-22.11:34:31::SCWMssOS::RCHIVER=arm-none-eabi-ar" "COMPILER_FLAGS=  -O2 -c" "EXTRA_COMPILER_FLAGS=-mcpu=cortex-a9 -mfpu=vfpv3 -mfloat-abi=hard -nostart
TRACE::2026-02-22.11:34:31::SCWMssOS::files -g -Wall -Wextra -fno-tree-loop-distribute-patterns"

TRACE::2026-02-22.11:34:31::SCWMssOS::"Running Make libs in ps7_cortexa9_0/libsrc/sdps_v3_12/src"

TRACE::2026-02-22.11:34:31::SCWMssOS::make -C ps7_cortexa9_0/libsrc/sdps_v3_12/src -s libs  "SHELL=CMD" "COMPILER=arm-none-eabi-gcc" "ASSEMBLER=arm-none-eabi-as" "AR
TRACE::2026-02-22.11:34:31::SCWMssOS::CHIVER=arm-none-eabi-ar" "COMPILER_FLAGS=  -O2 -c" "EXTRA_COMPILER_FLAGS=-mcpu=cortex-a9 -mfpu=vfpv3 -mfloat-abi=hard -nostartf
TRACE::2026-02-22.11:34:31::SCWMssOS::iles -g -Wall -Wextra -fno-tree-loop-distribute-patterns"

TRACE::2026-02-22.11:34:32::SCWMssOS::"Running Make libs in ps7_cortexa9_0/libsrc/standalone_v7_5/src"

TRACE::2026-02-22.11:34:32::SCWMssOS::make -C ps7_cortexa9_0/libsrc/standalone_v7_5/src -s libs  "SHELL=CMD" "COMPILER=arm-none-eabi-gcc" "ASSEMBLER=arm-none-eabi-as
TRACE::2026-02-22.11:34:32::SCWMssOS::" "ARCHIVER=arm-none-eabi-ar" "COMPILER_FLAGS=  -O2 -c" "EXTRA_COMPILER_FLAGS=-mcpu=cortex-a9 -mfpu=vfpv3 -mfloat-abi=hard -nos
TRACE::2026-02-22.11:34:32::SCWMssOS::tartfiles -g -Wall -Wextra -fno-tree-loop-distribute-patterns"

TRACE::2026-02-22.11:34:32::SCWMssOS::"Running Make libs in ps7_cortexa9_0/libsrc/uartps_v3_11/src"

TRACE::2026-02-22.11:34:32::SCWMssOS::make -C ps7_cortexa9_0/libsrc/uartps_v3_11/src -s libs  "SHELL=CMD" "COMPILER=arm-none-eabi-gcc" "ASSEMBLER=arm-none-eabi-as" "
TRACE::2026-02-22.11:34:32::SCWMssOS::ARCHIVER=arm-none-eabi-ar" "COMPILER_FLAGS=  -O2 -c" "EXTRA_COMPILER_FLAGS=-mcpu=cortex-a9 -mfpu=vfpv3 -mfloat-abi=hard -nostar
TRACE::2026-02-22.11:34:32::SCWMssOS::tfiles -g -Wall -Wextra -fno-tree-loop-distribute-patterns"

TRACE::2026-02-22.11:34:32::SCWMssOS::"Running Make libs in ps7_cortexa9_0/libsrc/usbps_v2_7/src"

TRACE::2026-02-22.11:34:32::SCWMssOS::make -C ps7_cortexa9_0/libsrc/usbps_v2_7/src -s libs  "SHELL=CMD" "COMPILER=arm-none-eabi-gcc" "ASSEMBLER=arm-none-eabi-as" "AR
TRACE::2026-02-22.11:34:32::SCWMssOS::CHIVER=arm-none-eabi-ar" "COMPILER_FLAGS=  -O2 -c" "EXTRA_COMPILER_FLAGS=-mcpu=cortex-a9 -mfpu=vfpv3 -mfloat-abi=hard -nostartf
TRACE::2026-02-22.11:34:32::SCWMssOS::iles -g -Wall -Wextra -fno-tree-loop-distribute-patterns"

TRACE::2026-02-22.11:34:32::SCWMssOS::"Running Make libs in ps7_cortexa9_0/libsrc/xadcps_v2_6/src"

TRACE::2026-02-22.11:34:32::SCWMssOS::make -C ps7_cortexa9_0/libsrc/xadcps_v2_6/src -s libs  "SHELL=CMD" "COMPILER=arm-none-eabi-gcc" "ASSEMBLER=arm-none-eabi-as" "A
TRACE::2026-02-22.11:34:32::SCWMssOS::RCHIVER=arm-none-eabi-ar" "COMPILER_FLAGS=  -O2 -c" "EXTRA_COMPILER_FLAGS=-mcpu=cortex-a9 -mfpu=vfpv3 -mfloat-abi=hard -nostart
TRACE::2026-02-22.11:34:32::SCWMssOS::files -g -Wall -Wextra -fno-tree-loop-distribute-patterns"

TRACE::2026-02-22.11:34:33::SCWMssOS::'Finished building libraries parallelly.'

TRACE::2026-02-22.11:34:33::SCWMssOS::make --no-print-directory archive

TRACE::2026-02-22.11:34:33::SCWMssOS::arm-none-eabi-ar -r  ps7_cortexa9_0/lib/libxil.a ps7_cortexa9_0/lib/xadcps_selftest.o ps7_cortexa9_0/lib/xplatform_info.o ps7_c
TRACE::2026-02-22.11:34:33::SCWMssOS::ortexa9_0/lib/xil_mmu.o ps7_cortexa9_0/lib/xusbps_sinit.o ps7_cortexa9_0/lib/xdevcfg_hw.o ps7_cortexa9_0/lib/xil_sleeptimer.o p
TRACE::2026-02-22.11:34:33::SCWMssOS::s7_cortexa9_0/lib/xqspips_options.o ps7_cortexa9_0/lib/xdmaps_g.o ps7_cortexa9_0/lib/xscutimer_g.o ps7_cortexa9_0/lib/xsdps_opt
TRACE::2026-02-22.11:34:33::SCWMssOS::ions.o ps7_cortexa9_0/lib/xil_misc_psreset_api.o ps7_cortexa9_0/lib/xdmaps_sinit.o ps7_cortexa9_0/lib/xscutimer_sinit.o ps7_cor
TRACE::2026-02-22.11:34:33::SCWMssOS::texa9_0/lib/xemacps_hw.o ps7_cortexa9_0/lib/inbyte.o ps7_cortexa9_0/lib/xdmaps_selftest.o ps7_cortexa9_0/lib/xscutimer_selftest
TRACE::2026-02-22.11:34:33::SCWMssOS::.o ps7_cortexa9_0/lib/putnum.o ps7_cortexa9_0/lib/xadcps_intr.o ps7_cortexa9_0/lib/xgpiops_g.o ps7_cortexa9_0/lib/xsdps.o ps7_c
TRACE::2026-02-22.11:34:33::SCWMssOS::ortexa9_0/lib/close.o ps7_cortexa9_0/lib/xgpiops_intr.o ps7_cortexa9_0/lib/xemacps_g.o ps7_cortexa9_0/lib/xgpiops_sinit.o ps7_c
TRACE::2026-02-22.11:34:33::SCWMssOS::ortexa9_0/lib/xgpiops_selftest.o ps7_cortexa9_0/lib/xscuwdt.o ps7_cortexa9_0/lib/xgpiops.o ps7_cortexa9_0/lib/xil_clocking.o ps
TRACE::2026-02-22.11:34:33::SCWMssOS::7_cortexa9_0/lib/xil_mem.o ps7_cortexa9_0/lib/time.o ps7_cortexa9_0/lib/xil_printf.o ps7_cortexa9_0/lib/kill.o ps7_cortexa9_0/l
TRACE::2026-02-22.11:34:33::SCWMssOS::ib/xuartps_g.o ps7_cortexa9_0/lib/xadcps.o ps7_cortexa9_0/lib/xuartps_sinit.o ps7_cortexa9_0/lib/xuartps_selftest.o ps7_cortexa
TRACE::2026-02-22.11:34:33::SCWMssOS::9_0/lib/outbyte.o ps7_cortexa9_0/lib/lseek.o ps7_cortexa9_0/lib/xusbps_hw.o ps7_cortexa9_0/lib/xl2cc_counter.o ps7_cortexa9_0/l
TRACE::2026-02-22.11:34:33::SCWMssOS::ib/asm_vectors.o ps7_cortexa9_0/lib/abort.o ps7_cortexa9_0/lib/xscugic_intr.o ps7_cortexa9_0/lib/getpid.o ps7_cortexa9_0/lib/xi
TRACE::2026-02-22.11:34:33::SCWMssOS::l_testcache.o ps7_cortexa9_0/lib/xdevcfg_sinit.o ps7_cortexa9_0/lib/xdmaps.o ps7_cortexa9_0/lib/xscutimer.o ps7_cortexa9_0/lib/
TRACE::2026-02-22.11:34:33::SCWMssOS::xdevcfg_selftest.o ps7_cortexa9_0/lib/xpm_counter.o ps7_cortexa9_0/lib/_sbrk.o ps7_cortexa9_0/lib/xemacps_sinit.o ps7_cortexa9_
TRACE::2026-02-22.11:34:33::SCWMssOS::0/lib/xqspips_g.o ps7_cortexa9_0/lib/xusbps.o ps7_cortexa9_0/lib/xusbps_endpoint.o ps7_cortexa9_0/lib/xusbps_g.o ps7_cortexa9_0
TRACE::2026-02-22.11:34:33::SCWMssOS::/lib/xsdps_sinit.o ps7_cortexa9_0/lib/xqspips_selftest.o ps7_cortexa9_0/lib/xil_exception.o ps7_cortexa9_0/lib/xil_testmem.o ps
TRACE::2026-02-22.11:34:33::SCWMssOS::7_cortexa9_0/lib/xemacps_control.o ps7_cortexa9_0/lib/open.o ps7_cortexa9_0/lib/xil_assert.o ps7_cortexa9_0/lib/xusbps_intr.o p
TRACE::2026-02-22.11:34:33::SCWMssOS::s7_cortexa9_0/lib/xsdps_host.o ps7_cortexa9_0/lib/xcoresightpsdcc.o ps7_cortexa9_0/lib/xscugic_hw.o ps7_cortexa9_0/lib/xuartps.
TRACE::2026-02-22.11:34:33::SCWMssOS::o ps7_cortexa9_0/lib/sleep.o ps7_cortexa9_0/lib/cpputest_time.o ps7_cortexa9_0/lib/_open.o ps7_cortexa9_0/lib/print.o ps7_corte
TRACE::2026-02-22.11:34:33::SCWMssOS::xa9_0/lib/read.o ps7_cortexa9_0/lib/xdevcfg.o ps7_cortexa9_0/lib/xqspips.o ps7_cortexa9_0/lib/xemacps.o ps7_cortexa9_0/lib/xil_
TRACE::2026-02-22.11:34:33::SCWMssOS::cache.o ps7_cortexa9_0/lib/xil_testio.o ps7_cortexa9_0/lib/unlink.o ps7_cortexa9_0/lib/xil_spinlock.o ps7_cortexa9_0/lib/transl
TRACE::2026-02-22.11:34:33::SCWMssOS::ation_table.o ps7_cortexa9_0/lib/write.o ps7_cortexa9_0/lib/boot.o ps7_cortexa9_0/lib/xemacps_bdring.o ps7_cortexa9_0/lib/cpu_i
TRACE::2026-02-22.11:34:33::SCWMssOS::nit.o ps7_cortexa9_0/lib/vectors.o ps7_cortexa9_0/lib/usleep.o ps7_cortexa9_0/lib/xil_sleepcommon.o ps7_cortexa9_0/lib/xscugic_
TRACE::2026-02-22.11:34:33::SCWMssOS::g.o ps7_cortexa9_0/lib/xscugic_sinit.o ps7_cortexa9_0/lib/fcntl.o ps7_cortexa9_0/lib/xdevcfg_g.o ps7_cortexa9_0/lib/xscugic_sel
TRACE::2026-02-22.11:34:33::SCWMssOS::ftest.o ps7_cortexa9_0/lib/xtime_l.o ps7_cortexa9_0/lib/xil_util.o ps7_cortexa9_0/lib/xuartps_intr.o ps7_cortexa9_0/lib/xsdps_c
TRACE::2026-02-22.11:34:33::SCWMssOS::ard.o ps7_cortexa9_0/lib/xdmaps_hw.o ps7_cortexa9_0/lib/xscuwdt_sinit.o ps7_cortexa9_0/lib/sbrk.o ps7_cortexa9_0/lib/xgpiops_hw
TRACE::2026-02-22.11:34:33::SCWMssOS::.o ps7_cortexa9_0/lib/xsdps_g.o ps7_cortexa9_0/lib/fstat.o ps7_cortexa9_0/lib/xqspips_hw.o ps7_cortexa9_0/lib/errno.o ps7_corte
TRACE::2026-02-22.11:34:33::SCWMssOS::xa9_0/lib/xdevcfg_intr.o ps7_cortexa9_0/lib/xuartps_options.o ps7_cortexa9_0/lib/xscuwdt_g.o ps7_cortexa9_0/lib/_exit.o ps7_cor
TRACE::2026-02-22.11:34:33::SCWMssOS::texa9_0/lib/xemacps_intr.o ps7_cortexa9_0/lib/xscuwdt_selftest.o ps7_cortexa9_0/lib/isatty.o ps7_cortexa9_0/lib/xil-crt0.o ps7_
TRACE::2026-02-22.11:34:33::SCWMssOS::cortexa9_0/lib/xscugic.o ps7_cortexa9_0/lib/xuartps_hw.o ps7_cortexa9_0/lib/xadcps_g.o ps7_cortexa9_0/lib/xqspips_sinit.o ps7_c
TRACE::2026-02-22.11:34:33::SCWMssOS::ortexa9_0/lib/xadcps_sinit.o

TRACE::2026-02-22.11:34:33::SCWMssOS::'Finished building libraries'

TRACE::2026-02-22.11:34:34::SCWMssOS::Copying to export directory.
TRACE::2026-02-22.11:34:34::SCWMssOS:: Checking if to create the Supporting Applications
TRACE::2026-02-22.11:34:34::SCWMssOS:: No Linux domain exists, trying to generate FSBL 
LOG::2026-02-22.11:34:34::SCWSystem::Completed Processing the domain standalone_ps7_cortexa9_0
LOG::2026-02-22.11:34:34::SCWSystem::Completed Processing the sysconfig design_1_wrapper
LOG::2026-02-22.11:34:34::SCWPlatform::Completed generating the artifacts for system configuration design_1_wrapper
TRACE::2026-02-22.11:34:34::SCWPlatform::Started preparing the platform 
TRACE::2026-02-22.11:34:34::SCWSystem::Writing the bif file for system config design_1_wrapper
TRACE::2026-02-22.11:34:34::SCWSystem::dir created 
TRACE::2026-02-22.11:34:34::SCWSystem::Writing the bif 
TRACE::2026-02-22.11:34:34::SCWPlatform::Started writing the spfm file 
TRACE::2026-02-22.11:34:34::SCWPlatform::Started writing the xpfm file 
TRACE::2026-02-22.11:34:34::SCWPlatform::Completed generating the platform
TRACE::2026-02-22.11:34:34::SCWMssOS::Saving the mss changes C:/Users/jorda/VivadoProjects/SavedProjects/project_1a/p1aVITIS/design_1_wrapper/zynq_fsbl/zynq_fsbl_bsp/system.mss
TRACE::2026-02-22.11:34:34::SCWMssOS::Found a swdesign opened with the mssfile.
TRACE::2026-02-22.11:34:34::SCWMssOS::Completed writemss as part of save.
TRACE::2026-02-22.11:34:34::SCWMssOS::Commit changes completed.
TRACE::2026-02-22.11:34:34::SCWMssOS::Saving the mss changes C:/Users/jorda/VivadoProjects/SavedProjects/project_1a/p1aVITIS/design_1_wrapper/ps7_cortexa9_0/standalone_ps7_cortexa9_0/bsp/system.mss
TRACE::2026-02-22.11:34:34::SCWMssOS::Found a swdesign opened with the mssfile.
TRACE::2026-02-22.11:34:34::SCWMssOS::Completed writemss as part of save.
TRACE::2026-02-22.11:34:34::SCWMssOS::Commit changes completed.
TRACE::2026-02-22.11:34:34::SCWPlatform::Trying to open the hw design at C:/Users/jorda/VivadoProjects/SavedProjects/project_1a/p1aVITIS/design_1_wrapper/hw/design_1_wrapper.xsa
TRACE::2026-02-22.11:34:34::SCWPlatform::DSA given C:/Users/jorda/VivadoProjects/SavedProjects/project_1a/p1aVITIS/design_1_wrapper/hw/design_1_wrapper.xsa
TRACE::2026-02-22.11:34:34::SCWPlatform::DSA absoulate path C:/Users/jorda/VivadoProjects/SavedProjects/project_1a/p1aVITIS/design_1_wrapper/hw/design_1_wrapper.xsa
TRACE::2026-02-22.11:34:34::SCWPlatform::DSA directory C:/Users/jorda/VivadoProjects/SavedProjects/project_1a/p1aVITIS/design_1_wrapper/hw
TRACE::2026-02-22.11:34:34::SCWPlatform:: Platform Path C:/Users/jorda/VivadoProjects/SavedProjects/project_1a/p1aVITIS/design_1_wrapper/hw/design_1_wrapper.xsa
TRACE::2026-02-22.11:34:34::SCWPlatform:: Unique name xilinx:zybo-z7-10::0.0
TRACE::2026-02-22.11:34:34::SCWPlatform::Trying to set the existing hwdb with name design_1_wrapper_0
TRACE::2026-02-22.11:34:34::SCWPlatform::Opened existing hwdb design_1_wrapper_0
TRACE::2026-02-22.11:34:34::SCWPlatform::Found the Hw Db part of the input DSA
TRACE::2026-02-22.11:34:34::SCWMssOS::Checking the sw design at  C:/Users/jorda/VivadoProjects/SavedProjects/project_1a/p1aVITIS/design_1_wrapper/zynq_fsbl/zynq_fsbl_bsp/system.mss
TRACE::2026-02-22.11:34:34::SCWMssOS::DEBUG:  swdes dump  C:/Users/jorda/VivadoProjects/SavedProjects/project_1a/p1aVITIS/design_1_wrapper/ps7_cortexa9_0/standalone_ps7_cortexa9_0/bsp/system.mss|system_0||
C:/Users/jorda/VivadoProjects/SavedProjects/project_1a/p1aVITIS/design_1_wrapper/zynq_fsbl/zynq_fsbl_bsp/system.mss|system||

TRACE::2026-02-22.11:34:34::SCWMssOS::Sw design exists and opened at  C:/Users/jorda/VivadoProjects/SavedProjects/project_1a/p1aVITIS/design_1_wrapper/zynq_fsbl/zynq_fsbl_bsp/system.mss
TRACE::2026-02-22.11:34:34::SCWPlatform::Trying to open the hw design at C:/Users/jorda/VivadoProjects/SavedProjects/project_1a/p1aVITIS/design_1_wrapper/hw/design_1_wrapper.xsa
TRACE::2026-02-22.11:34:34::SCWPlatform::DSA given C:/Users/jorda/VivadoProjects/SavedProjects/project_1a/p1aVITIS/design_1_wrapper/hw/design_1_wrapper.xsa
TRACE::2026-02-22.11:34:34::SCWPlatform::DSA absoulate path C:/Users/jorda/VivadoProjects/SavedProjects/project_1a/p1aVITIS/design_1_wrapper/hw/design_1_wrapper.xsa
TRACE::2026-02-22.11:34:34::SCWPlatform::DSA directory C:/Users/jorda/VivadoProjects/SavedProjects/project_1a/p1aVITIS/design_1_wrapper/hw
TRACE::2026-02-22.11:34:34::SCWPlatform:: Platform Path C:/Users/jorda/VivadoProjects/SavedProjects/project_1a/p1aVITIS/design_1_wrapper/hw/design_1_wrapper.xsa
TRACE::2026-02-22.11:34:34::SCWPlatform:: Unique name xilinx:zybo-z7-10::0.0
TRACE::2026-02-22.11:34:34::SCWPlatform::Trying to set the existing hwdb with name design_1_wrapper_0
TRACE::2026-02-22.11:34:34::SCWPlatform::Opened existing hwdb design_1_wrapper_0
TRACE::2026-02-22.11:34:34::SCWPlatform::Found the Hw Db part of the input DSA
TRACE::2026-02-22.11:34:34::SCWMssOS::Checking the sw design at  C:/Users/jorda/VivadoProjects/SavedProjects/project_1a/p1aVITIS/design_1_wrapper/zynq_fsbl/zynq_fsbl_bsp/system.mss
TRACE::2026-02-22.11:34:34::SCWMssOS::DEBUG:  swdes dump  C:/Users/jorda/VivadoProjects/SavedProjects/project_1a/p1aVITIS/design_1_wrapper/ps7_cortexa9_0/standalone_ps7_cortexa9_0/bsp/system.mss|system_0||
C:/Users/jorda/VivadoProjects/SavedProjects/project_1a/p1aVITIS/design_1_wrapper/zynq_fsbl/zynq_fsbl_bsp/system.mss|system||

TRACE::2026-02-22.11:34:34::SCWMssOS::Sw design exists and opened at  C:/Users/jorda/VivadoProjects/SavedProjects/project_1a/p1aVITIS/design_1_wrapper/zynq_fsbl/zynq_fsbl_bsp/system.mss
TRACE::2026-02-22.11:34:34::SCWPlatform::Trying to open the hw design at C:/Users/jorda/VivadoProjects/SavedProjects/project_1a/p1aVITIS/design_1_wrapper/hw/design_1_wrapper.xsa
TRACE::2026-02-22.11:34:34::SCWPlatform::DSA given C:/Users/jorda/VivadoProjects/SavedProjects/project_1a/p1aVITIS/design_1_wrapper/hw/design_1_wrapper.xsa
TRACE::2026-02-22.11:34:34::SCWPlatform::DSA absoulate path C:/Users/jorda/VivadoProjects/SavedProjects/project_1a/p1aVITIS/design_1_wrapper/hw/design_1_wrapper.xsa
TRACE::2026-02-22.11:34:34::SCWPlatform::DSA directory C:/Users/jorda/VivadoProjects/SavedProjects/project_1a/p1aVITIS/design_1_wrapper/hw
TRACE::2026-02-22.11:34:34::SCWPlatform:: Platform Path C:/Users/jorda/VivadoProjects/SavedProjects/project_1a/p1aVITIS/design_1_wrapper/hw/design_1_wrapper.xsa
TRACE::2026-02-22.11:34:34::SCWPlatform:: Unique name xilinx:zybo-z7-10::0.0
TRACE::2026-02-22.11:34:34::SCWPlatform::Trying to set the existing hwdb with name design_1_wrapper_0
TRACE::2026-02-22.11:34:34::SCWPlatform::Opened existing hwdb design_1_wrapper_0
TRACE::2026-02-22.11:34:34::SCWPlatform::Found the Hw Db part of the input DSA
TRACE::2026-02-22.11:34:34::SCWMssOS::Checking the sw design at  C:/Users/jorda/VivadoProjects/SavedProjects/project_1a/p1aVITIS/design_1_wrapper/zynq_fsbl/zynq_fsbl_bsp/system.mss
TRACE::2026-02-22.11:34:34::SCWMssOS::DEBUG:  swdes dump  C:/Users/jorda/VivadoProjects/SavedProjects/project_1a/p1aVITIS/design_1_wrapper/ps7_cortexa9_0/standalone_ps7_cortexa9_0/bsp/system.mss|system_0||
C:/Users/jorda/VivadoProjects/SavedProjects/project_1a/p1aVITIS/design_1_wrapper/zynq_fsbl/zynq_fsbl_bsp/system.mss|system||

TRACE::2026-02-22.11:34:34::SCWMssOS::Sw design exists and opened at  C:/Users/jorda/VivadoProjects/SavedProjects/project_1a/p1aVITIS/design_1_wrapper/zynq_fsbl/zynq_fsbl_bsp/system.mss
TRACE::2026-02-22.11:34:34::SCWPlatform::Trying to open the hw design at C:/Users/jorda/VivadoProjects/SavedProjects/project_1a/p1aVITIS/design_1_wrapper/hw/design_1_wrapper.xsa
TRACE::2026-02-22.11:34:34::SCWPlatform::DSA given C:/Users/jorda/VivadoProjects/SavedProjects/project_1a/p1aVITIS/design_1_wrapper/hw/design_1_wrapper.xsa
TRACE::2026-02-22.11:34:34::SCWPlatform::DSA absoulate path C:/Users/jorda/VivadoProjects/SavedProjects/project_1a/p1aVITIS/design_1_wrapper/hw/design_1_wrapper.xsa
TRACE::2026-02-22.11:34:34::SCWPlatform::DSA directory C:/Users/jorda/VivadoProjects/SavedProjects/project_1a/p1aVITIS/design_1_wrapper/hw
TRACE::2026-02-22.11:34:34::SCWPlatform:: Platform Path C:/Users/jorda/VivadoProjects/SavedProjects/project_1a/p1aVITIS/design_1_wrapper/hw/design_1_wrapper.xsa
TRACE::2026-02-22.11:34:34::SCWPlatform:: Unique name xilinx:zybo-z7-10::0.0
TRACE::2026-02-22.11:34:34::SCWPlatform::Trying to set the existing hwdb with name design_1_wrapper_0
TRACE::2026-02-22.11:34:34::SCWPlatform::Opened existing hwdb design_1_wrapper_0
TRACE::2026-02-22.11:34:34::SCWPlatform::Found the Hw Db part of the input DSA
TRACE::2026-02-22.11:34:34::SCWMssOS::Checking the sw design at  C:/Users/jorda/VivadoProjects/SavedProjects/project_1a/p1aVITIS/design_1_wrapper/ps7_cortexa9_0/standalone_ps7_cortexa9_0/bsp/system.mss
TRACE::2026-02-22.11:34:34::SCWMssOS::DEBUG:  swdes dump  C:/Users/jorda/VivadoProjects/SavedProjects/project_1a/p1aVITIS/design_1_wrapper/ps7_cortexa9_0/standalone_ps7_cortexa9_0/bsp/system.mss|system_0||
C:/Users/jorda/VivadoProjects/SavedProjects/project_1a/p1aVITIS/design_1_wrapper/zynq_fsbl/zynq_fsbl_bsp/system.mss|system||

TRACE::2026-02-22.11:34:34::SCWMssOS::Sw design exists and opened at  C:/Users/jorda/VivadoProjects/SavedProjects/project_1a/p1aVITIS/design_1_wrapper/ps7_cortexa9_0/standalone_ps7_cortexa9_0/bsp/system.mss
TRACE::2026-02-22.11:34:34::SCWPlatform::Trying to open the hw design at C:/Users/jorda/VivadoProjects/SavedProjects/project_1a/p1aVITIS/design_1_wrapper/hw/design_1_wrapper.xsa
TRACE::2026-02-22.11:34:34::SCWPlatform::DSA given C:/Users/jorda/VivadoProjects/SavedProjects/project_1a/p1aVITIS/design_1_wrapper/hw/design_1_wrapper.xsa
TRACE::2026-02-22.11:34:34::SCWPlatform::DSA absoulate path C:/Users/jorda/VivadoProjects/SavedProjects/project_1a/p1aVITIS/design_1_wrapper/hw/design_1_wrapper.xsa
TRACE::2026-02-22.11:34:34::SCWPlatform::DSA directory C:/Users/jorda/VivadoProjects/SavedProjects/project_1a/p1aVITIS/design_1_wrapper/hw
TRACE::2026-02-22.11:34:34::SCWPlatform:: Platform Path C:/Users/jorda/VivadoProjects/SavedProjects/project_1a/p1aVITIS/design_1_wrapper/hw/design_1_wrapper.xsa
TRACE::2026-02-22.11:34:34::SCWPlatform:: Unique name xilinx:zybo-z7-10::0.0
TRACE::2026-02-22.11:34:34::SCWPlatform::Trying to set the existing hwdb with name design_1_wrapper_0
TRACE::2026-02-22.11:34:34::SCWPlatform::Opened existing hwdb design_1_wrapper_0
TRACE::2026-02-22.11:34:34::SCWPlatform::Found the Hw Db part of the input DSA
TRACE::2026-02-22.11:34:34::SCWMssOS::Checking the sw design at  C:/Users/jorda/VivadoProjects/SavedProjects/project_1a/p1aVITIS/design_1_wrapper/ps7_cortexa9_0/standalone_ps7_cortexa9_0/bsp/system.mss
TRACE::2026-02-22.11:34:34::SCWMssOS::DEBUG:  swdes dump  C:/Users/jorda/VivadoProjects/SavedProjects/project_1a/p1aVITIS/design_1_wrapper/ps7_cortexa9_0/standalone_ps7_cortexa9_0/bsp/system.mss|system_0||
C:/Users/jorda/VivadoProjects/SavedProjects/project_1a/p1aVITIS/design_1_wrapper/zynq_fsbl/zynq_fsbl_bsp/system.mss|system||

TRACE::2026-02-22.11:34:34::SCWMssOS::Sw design exists and opened at  C:/Users/jorda/VivadoProjects/SavedProjects/project_1a/p1aVITIS/design_1_wrapper/ps7_cortexa9_0/standalone_ps7_cortexa9_0/bsp/system.mss
TRACE::2026-02-22.11:34:34::SCWPlatform::Trying to open the hw design at C:/Users/jorda/VivadoProjects/SavedProjects/project_1a/p1aVITIS/design_1_wrapper/hw/design_1_wrapper.xsa
TRACE::2026-02-22.11:34:34::SCWPlatform::DSA given C:/Users/jorda/VivadoProjects/SavedProjects/project_1a/p1aVITIS/design_1_wrapper/hw/design_1_wrapper.xsa
TRACE::2026-02-22.11:34:34::SCWPlatform::DSA absoulate path C:/Users/jorda/VivadoProjects/SavedProjects/project_1a/p1aVITIS/design_1_wrapper/hw/design_1_wrapper.xsa
TRACE::2026-02-22.11:34:34::SCWPlatform::DSA directory C:/Users/jorda/VivadoProjects/SavedProjects/project_1a/p1aVITIS/design_1_wrapper/hw
TRACE::2026-02-22.11:34:34::SCWPlatform:: Platform Path C:/Users/jorda/VivadoProjects/SavedProjects/project_1a/p1aVITIS/design_1_wrapper/hw/design_1_wrapper.xsa
TRACE::2026-02-22.11:34:34::SCWPlatform:: Unique name xilinx:zybo-z7-10::0.0
TRACE::2026-02-22.11:34:34::SCWPlatform::Trying to set the existing hwdb with name design_1_wrapper_0
TRACE::2026-02-22.11:34:34::SCWPlatform::Opened existing hwdb design_1_wrapper_0
TRACE::2026-02-22.11:34:34::SCWPlatform::Found the Hw Db part of the input DSA
TRACE::2026-02-22.11:34:34::SCWMssOS::Checking the sw design at  C:/Users/jorda/VivadoProjects/SavedProjects/project_1a/p1aVITIS/design_1_wrapper/ps7_cortexa9_0/standalone_ps7_cortexa9_0/bsp/system.mss
TRACE::2026-02-22.11:34:34::SCWMssOS::DEBUG:  swdes dump  C:/Users/jorda/VivadoProjects/SavedProjects/project_1a/p1aVITIS/design_1_wrapper/ps7_cortexa9_0/standalone_ps7_cortexa9_0/bsp/system.mss|system_0||
C:/Users/jorda/VivadoProjects/SavedProjects/project_1a/p1aVITIS/design_1_wrapper/zynq_fsbl/zynq_fsbl_bsp/system.mss|system||

TRACE::2026-02-22.11:34:34::SCWMssOS::Sw design exists and opened at  C:/Users/jorda/VivadoProjects/SavedProjects/project_1a/p1aVITIS/design_1_wrapper/ps7_cortexa9_0/standalone_ps7_cortexa9_0/bsp/system.mss
TRACE::2026-02-22.11:34:34::SCWWriter::formatted JSON is {
	"platformName":	"design_1_wrapper",
	"sprVersion":	"2.0",
	"mode":	"gui",
	"dsaType":	"Fixed",
	"platformDesc":	"design_1_wrapper",
	"platHandOff":	"C:/Users/jorda/VivadoProjects/SavedProjects/project_1a/design_1_wrapper.xsa",
	"platIntHandOff":	"<platformDir>/hw/design_1_wrapper.xsa",
	"deviceType":	"zynq",
	"platIsPrebuiltAutogen":	"false",
	"platIsNoBootBsp":	"false",
	"platFsblTarget":	"ps7_cortexa9_0",
	"hasFsblMakeHasChanges":	"false",
	"hasPmufwMakeHasChanges":	"false",
	"fsblExtraCompilerFlags":	"-MMD -MP       -mcpu=cortex-a9 -mfpu=vfpv3 -mfloat-abi=hard ",
	"platPreBuiltFlag":	false,
	"platformSamplesDir":	"",
	"platActiveSys":	"design_1_wrapper",
	"systems":	[{
			"systemName":	"design_1_wrapper",
			"systemDesc":	"design_1_wrapper",
			"sysIsBootAutoGen":	"true",
			"systemDispName":	"design_1_wrapper",
			"sysActiveDom":	"standalone_ps7_cortexa9_0",
			"sysDefaultDom":	"standalone_ps7_cortexa9_0",
			"domains":	[{
					"domainName":	"zynq_fsbl",
					"domainDispName":	"zynq_fsbl",
					"domainDesc":	"FSBL Application BSP - Auto Generated.",
					"processors":	"ps7_cortexa9_0",
					"os":	"standalone",
					"sdxOs":	"standalone",
					"debugEnable":	"",
					"domRuntimes":	["cpp"],
					"swRepo":	"",
					"mssOsVer":	"7.5",
					"mssFile":	"",
					"md5Digest":	"a3feffb343d1a570344c2ef7f5d04b75",
					"compatibleApp":	"zynq_fsbl",
					"domType":	"bootDomain",
					"arch":	"32-bit",
					"appSettings":	{
						"appCompilerFlags":	"",
						"appLinkerFlags":	""
					},
					"addedLibs":	["xilffs:4.5", "xilrsa:1.6"],
					"libOptions":	{
						"libsContainingOptions":	[]
					},
					"prebuiltLibs":	{
						"prebuiltIncPath":	[],
						"prebuiltLibPath":	[]
					},
					"isolation":	{
					}
				}, {
					"domainName":	"standalone_ps7_cortexa9_0",
					"domainDispName":	"standalone_ps7_cortexa9_0",
					"domainDesc":	"standalone_ps7_cortexa9_0",
					"processors":	"ps7_cortexa9_0",
					"os":	"standalone",
					"sdxOs":	"standalone",
					"qemuArgs":	"D:/Xilinx/Vitis/2021.1/data/emulation/platforms/zynq/sw/a9_standalone/qemu/qemu_args.txt",
					"qemuData":	"D:/Xilinx/Vitis/2021.1/data/emulation/platforms/zynq/sw/a9_standalone/qemu/",
					"debugEnable":	"False",
					"domRuntimes":	["cpp"],
					"swRepo":	"",
					"mssOsVer":	"7.5",
					"mssFile":	"",
					"md5Digest":	"a132be7a81aed72071ad60986530af3a",
					"compatibleApp":	"empty_application",
					"domType":	"mssDomain",
					"arch":	"32-bit",
					"appSettings":	{
						"appCompilerFlags":	"",
						"appLinkerFlags":	""
					},
					"addedLibs":	[],
					"libOptions":	{
						"libsContainingOptions":	[]
					},
					"prebuiltLibs":	{
						"prebuiltIncPath":	[],
						"prebuiltLibPath":	[]
					},
					"isolation":	{
					}
				}]
		}]
}
KEYINFO::2026-02-22.11:34:34::SCWPlatform::updated the xpfm file.
TRACE::2026-02-22.11:34:34::SCWPlatform::Trying to open the hw design at C:/Users/jorda/VivadoProjects/SavedProjects/project_1a/p1aVITIS/design_1_wrapper/hw/design_1_wrapper.xsa
TRACE::2026-02-22.11:34:34::SCWPlatform::DSA given C:/Users/jorda/VivadoProjects/SavedProjects/project_1a/p1aVITIS/design_1_wrapper/hw/design_1_wrapper.xsa
TRACE::2026-02-22.11:34:34::SCWPlatform::DSA absoulate path C:/Users/jorda/VivadoProjects/SavedProjects/project_1a/p1aVITIS/design_1_wrapper/hw/design_1_wrapper.xsa
TRACE::2026-02-22.11:34:34::SCWPlatform::DSA directory C:/Users/jorda/VivadoProjects/SavedProjects/project_1a/p1aVITIS/design_1_wrapper/hw
TRACE::2026-02-22.11:34:34::SCWPlatform:: Platform Path C:/Users/jorda/VivadoProjects/SavedProjects/project_1a/p1aVITIS/design_1_wrapper/hw/design_1_wrapper.xsa
TRACE::2026-02-22.11:34:34::SCWPlatform:: Unique name xilinx:zybo-z7-10::0.0
TRACE::2026-02-22.11:34:34::SCWPlatform::Trying to set the existing hwdb with name design_1_wrapper_0
TRACE::2026-02-22.11:34:34::SCWPlatform::Opened existing hwdb design_1_wrapper_0
TRACE::2026-02-22.11:34:34::SCWPlatform::Found the Hw Db part of the input DSA
TRACE::2026-02-22.11:34:34::SCWMssOS::Checking the sw design at  C:/Users/jorda/VivadoProjects/SavedProjects/project_1a/p1aVITIS/design_1_wrapper/ps7_cortexa9_0/standalone_ps7_cortexa9_0/bsp/system.mss
TRACE::2026-02-22.11:34:34::SCWMssOS::DEBUG:  swdes dump  C:/Users/jorda/VivadoProjects/SavedProjects/project_1a/p1aVITIS/design_1_wrapper/ps7_cortexa9_0/standalone_ps7_cortexa9_0/bsp/system.mss|system_0||
C:/Users/jorda/VivadoProjects/SavedProjects/project_1a/p1aVITIS/design_1_wrapper/zynq_fsbl/zynq_fsbl_bsp/system.mss|system||

TRACE::2026-02-22.11:34:34::SCWMssOS::Sw design exists and opened at  C:/Users/jorda/VivadoProjects/SavedProjects/project_1a/p1aVITIS/design_1_wrapper/ps7_cortexa9_0/standalone_ps7_cortexa9_0/bsp/system.mss
